,id,name,street,city,zip,country
5,6,Tiffany Johnson,531 Dana Terrace Apt. 717,Greenside,83055,Country A
10,11,James Smith,82748 Jasmine Key Apt. 218,Amandachester,97365,Country A
12,13,Cameron Hart,466 Weeks Lodge,Bryantborough,82949,Country A
13,14,Dana Hardy,82432 Dunn Glen,East Peter,40305,Country A
14,15,Tanya Rogers,1523 Wilson Extension,East Curtistown,43350,Country A
16,17,Kevin Turner,45649 Hale Mills,Amberton,27187,Country A
25,26,Victoria Conley,085 John Gateway,Goodview,95400,Country A
26,27,David Hensley,059 Black Crescent,Hicksside,29874,Country A
28,29,Michelle Chambers,90694 Martinez Glen,East Johnburgh,5641,Country A
31,32,Daniel Cochran,8021 Morgan Ranch,Clarkfort,75881,Country A
41,42,Victoria Matthews,428 Willis Spur Suite 213,East Amy,43263,Country A
46,47,Nathan Sanchez,947 Robinson Stream,East Jennifer,71972,Country A
53,54,Michael Lambert,8945 Paula Shoal,Ashleybury,30105,Country A
58,59,Mr. Nicholas Steele DDS,39225 Kelly Expressway,Desireeview,51131,Country A
63,64,Kevin Espinoza,348 Lopez Turnpike,Ashleymouth,42905,Country A
72,73,Joshua Lee,292 Wells Streets,Hutchinsontown,73101,Country A
73,74,Kelly Palmer,9550 Park Ways,East Tammy,16963,Country A
78,79,Paul Rasmussen,27553 Andrew Mews,Alexiston,16014,Country A
79,80,Matthew Johnson,4720 Tran Keys,Estradamouth,49154,Country A
83,84,Michael Shelton,36966 Lin Port,Bryanport,30139,Country A
84,85,Michael Wells,2679 Kramer Glens,East Davidburgh,9429,Country A
92,93,Robert Miller,156 Park Rapids Suite 066,East Amy,42921,Country A
93,94,Jennifer Cross,1363 Debbie Fields Apt. 948,Hendersonland,72773,Country A
94,95,Daniel Wright,034 Elaine Ranch,Herreraberg,9757,Country A
95,96,Rebecca Dominguez,02977 Amy Crossroad,Ericfurt,88451,Country A
96,97,Michelle Hines,471 Brown Hills Suite 730,Harrystad,90383,Country A
105,106,Martin Graves Jr.,166 Justin Flat,Haleychester,36943,Country A
108,109,David Jenkins,3017 Nelson Falls Suite 121,Baxterburgh,11188,Country A
114,115,Angel Lewis MD,61068 Foster Lock Apt. 900,Bentleystad,5082,Country A
115,116,Henry Lewis,33813 Figueroa Ville Suite 374,Donaldberg,41928,Country A
117,118,Noah Bautista,818 Sarah Plains,Houstonside,9697,Country A
120,121,Tina Taylor,1230 Williams Center,Cookberg,23499,Country A
122,123,Christina Thomas,11338 Gross Manor Suite 226,Barbaraland,93486,Country A
130,131,Timothy Brown,96135 Dustin Road,Denisefurt,39890,Country A
134,135,Leslie Snyder,1242 Reyes Center Suite 914,Danielton,90096,Country A
138,139,Angela Jordan,64622 Maria View,Bergerberg,23318,Country A
142,143,Daniel Davis,151 Dale Springs Suite 192,Angelborough,64356,Country A
151,152,Lisa Pena,402 Robert Forge,East Brandon,93822,Country A
156,157,Natalie Jackson,48442 Roberts Crossroad Apt. 988,Holdenview,92334,Country A
157,158,Jonathon Roberts,99676 Ellis Squares,Greenbury,66964,Country A
167,168,James Palmer,48530 Ewing Overpass,Danielsview,41579,Country A
175,176,Jerry Torres,5344 Walker Ways,Amyberg,48356,Country A
177,178,Thomas Stewart MD,2342 Neal Fort Apt. 695,East Maria,12317,Country A
178,179,Raymond Stewart,0317 Melody Valleys,Harrisberg,19287,Country A
183,184,Eric Baker,37412 Emily Summit Apt. 607,Alvarezmouth,14538,Country A
185,186,Tyler Williams,14175 Zimmerman Parkway Suite 588,East Geoffreyton,57017,Country A
202,203,Tara Barnett,86827 Brandon Summit,East Deniseburgh,60230,Country A
205,206,Kenneth Erickson,034 Madden Ridges,East Mariefort,15264,Country A
213,214,Tamara Davis,82006 Jessica Unions,Heathermouth,28094,Country A
215,216,Alexander Frazier,172 Lisa Locks Suite 231,East Carlos,19512,Country A
216,217,Derrick Dean,98191 Samantha Skyway Suite 134,East Andrewhaven,25175,Country A
218,219,Melissa Figueroa,7772 Taylor Turnpike Suite 976,Annahaven,26488,Country A
220,221,Thomas Jones,229 William Expressway Apt. 536,Bensonhaven,46588,Country A
221,222,Mrs. Courtney Flores PhD,132 James Rue Suite 354,Brianview,41505,Country A
225,226,Edwin Hansen,1442 Michelle Forge,Careyburgh,68304,Country A
226,227,Michael Dillon,309 Jessica Knolls,Angelafurt,35157,Country A
232,233,Mackenzie Campbell,999 Hicks Mount Suite 983,Bassmouth,56576,Country A
234,235,Cheryl Smith,63164 Cassandra Rest,East Melissaville,17666,Country A
235,236,Christy Carey MD,264 Hays Heights,Chapmanland,49668,Country A
237,238,James Pierce DVM,68526 Michael Fall,Blakehaven,26371,Country A
241,242,Alicia Johnson,284 Martin Ports Suite 637,East Thomas,56781,Country A
242,243,Mrs. Karen Harris,91554 Barker Manor Apt. 683,East Davidmouth,94366,Country A
252,253,Joyce Avila,60555 Susan Valley Suite 244,East Michael,74874,Country A
253,254,Robert Dean,039 Jacob Islands,East Brittany,16876,Country A
261,262,Brian Moore,72996 Mary Shoal,Davisshire,17724,Country A
271,272,Jill Foster,5088 Bailey Highway,East Charlesland,44947,Country A
284,285,Daniel Ramirez MD,0981 Zachary Key,Freemanbury,29068,Country A
288,289,Thomas Cook,60884 Bailey Keys Apt. 383,Callahanshire,75616,Country A
290,291,Mrs. Tara Johnston DDS,936 Rodriguez Burgs Apt. 479,East Juliatown,78178,Country A
293,294,Danielle Powers,57843 Berry Extension Suite 757,Dustinchester,17025,Country A
297,298,Karen Williamson,31023 Meghan Row Apt. 575,Campbellborough,59259,Country A
298,299,Rose Edwards,8107 Alexandria Centers Apt. 667,Gregoryshire,46517,Country A
300,301,Austin Thompson,25907 Carey Harbors Suite 082,Deanview,14256,Country A
301,302,Amy Baird,9226 Bethany Plaza Suite 758,Brittanyfort,38413,Country A
304,305,Jacqueline Williams,212 Gonzalez Ridges Suite 711,Cervanteston,13433,Country A
307,308,Mrs. Sara Patterson,4971 Johnson Club Suite 884,Danielleview,54245,Country A
308,309,Lucas Martinez,1129 Cook Radial Suite 637,Georgestad,33134,Country A
309,310,Sarah Robinson,202 Blanchard Islands,East Denisemouth,76728,Country A
315,316,Ashley Rodgers,135 Orozco Passage,East Kimberly,63918,Country A
316,317,Terri Gilbert,154 Lindsey Mission,Ashleyside,67965,Country A
318,319,Amy Molina,514 Suzanne Plains,Cassandraberg,98276,Country A
319,320,Jacob Jones,56211 Gould Hills,East Danielleville,88091,Country A
322,323,Steven Solis,75576 Morgan Island,Danielton,57094,Country A
327,328,Ashley Turner,3683 Connie Mountain,Harrisfort,79430,Country A
328,329,Joseph Humphrey,34917 Larry Drives Suite 004,Contreraston,8010,Country A
329,330,Christian Lucas,613 Oscar Forks Suite 060,Fordberg,12980,Country A
331,332,Samantha Bell,4611 Cohen Knolls,Alexandriastad,20302,Country A
335,336,Matthew Huff,666 Ball Fork Suite 250,East Travisfort,10548,Country A
337,338,Tonya Johnson,28343 Monica Ways Suite 841,East Jessica,50790,Country A
339,340,Karl Jackson,3747 Peterson Causeway,Amandaborough,89117,Country A
342,343,Erica Price,569 Henry Estate Apt. 065,Cooperton,40433,Country A
348,349,Eric Bell,07879 Kimberly Lane Suite 544,Anthonymouth,99924,Country A
354,355,Amanda Fisher,14829 James Burg,Christinestad,31170,Country A
360,361,Manuel Ross Jr.,87946 Munoz Skyway,Forbesview,91061,Country A
364,365,Kaitlin Diaz,3864 Smith Village Suite 308,Hoopertown,78118,Country A
369,370,Kayla Wood,99942 Ferguson Lock Apt. 473,East Tinachester,92139,Country A
370,371,Daniel Butler,3037 King Shores Apt. 331,East Nathanville,84850,Country A
373,374,Rachel Hernandez,22026 William Burgs Apt. 244,East Joanna,22346,Country A
375,376,Kimberly Barnes,37548 William Knolls,Charlesfurt,15196,Country A
378,379,Allison Perkins,510 Park Forks,Bartonmouth,79802,Country A
381,382,Amy Rodriguez,31390 Logan Harbors,Butlermouth,15013,Country A
382,383,Allison Harvey,720 Hansen Crossroad Suite 754,East Sharon,94078,Country A
387,388,Michael Clark,60018 Holly Terrace Suite 910,Aprilborough,93990,Country A
389,390,Jason Watkins,024 Carpenter Island,Berryberg,23684,Country A
396,397,Nathan Jacobs,281 Alvarez Green,East Becky,31296,Country A
399,400,Gregory Torres,99748 Ashley Walk,Heatherville,51722,Country A
400,401,Robert Lucero,8469 Young Fords Suite 464,Bartletthaven,33694,Country A
403,404,Anna Weber,31346 Timothy Turnpike Apt. 706,East Georgechester,97351,Country A
408,409,Donald Haney,96567 Travis Ranch Suite 787,East Kristaside,68913,Country A
410,411,Victor Brown,575 Friedman Stream Suite 955,Autumnbury,27438,Country A
426,427,Mr. Daniel Green,2166 Steven Islands Suite 787,Christianland,46880,Country A
428,429,John Lawrence,79418 Hunter Keys Suite 484,Hernandezbury,81184,Country A
431,432,Mr. Juan Carr,973 Combs Circles Apt. 704,Benjaminberg,27409,Country A
434,435,Joel Reid,7592 Robert Ridges Apt. 872,East Sonya,69818,Country A
437,438,Nicole Farmer,893 Cory Glen,Bennettshire,67114,Country A
442,443,Katrina Schultz,916 Kathryn Shore,Andersontown,74347,Country A
443,444,Nicholas Taylor,04186 Jenna Locks Apt. 749,East Michaelview,32451,Country A
455,456,Rachel Heath,8733 Thompson Locks Apt. 231,East Edward,19686,Country A
461,462,Ryan Campbell,890 Mary Fords,Faulknerberg,44497,Country A
469,470,Paul Stevens,206 Gregory Mountains Apt. 016,Amandaland,79794,Country A
471,472,Shannon Chan,1045 Allen Motorway,East Sydney,56065,Country A
473,474,Holly Martinez,26281 Thomas Junctions,East Michaelview,12836,Country A
476,477,Julia Pugh,405 Joseph Avenue,Crystalchester,59338,Country A
479,480,Alvin Porter,695 Murray Highway,Burtonfort,22876,Country A
486,487,Nicholas Anderson,446 Booker Knolls Suite 880,East Michaelbury,54878,Country A
488,489,Brittany Meadows DDS,70830 Mendoza Fields,Amandamouth,46869,Country A
490,491,Deborah Hancock,8946 Steven Lane Apt. 822,Crossstad,58985,Country A
491,492,Debra Morrow,171 Alan Overpass,Douglasland,22648,Country A
494,495,Franklin Johnston,26535 Williams Circle,Evanston,53670,Country A
495,496,Robyn Beard,88410 Chandler Drive Suite 250,Hannahfort,96484,Country A
497,498,Paul Martin,61914 Simmons Overpass,Danielbury,30716,Country A
499,500,Jean Underwood,37323 Rachel Roads,Gregoryview,86790,Country A
500,501,Kathy Campbell,4177 Terrell Inlet Apt. 231,Butlerburgh,1057,Country A
503,504,Michelle Tran,4278 Hendrix Walks,East Melissa,24058,Country A
504,505,William Walton,94520 Angela Place Suite 093,Christinafort,60274,Country A
510,511,Emily Nguyen,4776 Kristin Bypass,Carterfort,43591,Country A
511,512,Anthony Nguyen,39226 Smith Viaduct,Christophertown,88311,Country A
512,513,Chad Patton,769 Gray Mount,East Michele,44796,Country A
513,514,Sarah Murray,21198 Jessica Groves Apt. 850,Collinsland,93508,Country A
517,518,Margaret Lucas,737 Harrison Villages Suite 168,East William,39729,Country A
521,522,Kimberly Goodwin,310 Williams Canyon Apt. 543,Antoniohaven,82147,Country A
527,528,Julia Tran,6917 Alexander Summit Suite 077,Brandonfort,74789,Country A
530,531,Mark Callahan,7281 Herrera Fall Apt. 319,Amychester,57161,Country A
531,532,Steven Gregory,3356 Jeffrey Field,Amyview,52118,Country A
535,536,Savannah Bean,74316 Joe Isle,East Michael,13952,Country A
539,540,Robert Lawrence,539 Frank Way Suite 988,East Michelle,90350,Country A
541,542,Sarah Sawyer,717 Toni Plains Suite 678,Bellstad,26129,Country A
548,549,Brittany Cox,1511 Michelle Oval Apt. 613,Christinaland,93044,Country A
553,554,Sharon Richardson,8594 Hess Station Apt. 447,Cruzville,68174,Country A
558,559,Caitlyn Stanley,47323 Douglas Plaza,Gregoryland,97568,Country A
562,563,Dustin Crane,082 Matthew Falls,Hughesbury,4887,Country A
566,567,Jennifer Kaufman,1430 Myers Mission,East Jasmine,51788,Country A
568,569,Lorraine Maldonado,288 Tina Ridges Suite 122,Evanfurt,83814,Country A
570,571,Jerry Fisher,923 Lopez Ranch,Carrberg,16827,Country A
571,572,Tracy Murray,022 Neal Islands Apt. 835,Hannahstad,66510,Country A
574,575,David Hudson,36333 Lam Way,Ericfurt,73724,Country A
575,576,Natalie Sanders,4205 Gabriela Brook Suite 296,Darrenmouth,55604,Country A
577,578,Bryan Perez,6848 Fleming Throughway Suite 569,Billyburgh,6919,Country A
581,582,Lisa Green,56317 Matthew Glens,East Tammy,31123,Country A
585,586,Ronald Guzman,61738 Donaldson Loaf Suite 178,Elizabethmouth,91029,Country A
586,587,James Brown,2735 Michael Station Suite 167,Dennisland,54529,Country A
587,588,James Hamilton,9866 Ethan Ville,Deannamouth,14949,Country A
591,592,Rebecca Perez MD,6587 Parker Wall,Cortezborough,31001,Country A
595,596,William Martinez,767 Tate Curve Suite 685,Ballardberg,11811,Country A
598,599,Jeffrey Bell,32079 Jenkins Roads,Aprilton,28793,Country A
600,601,Daniel Woods,96550 Mullen Grove,Gaybury,84070,Country A
606,607,Marc Johnson,16319 Obrien Groves Apt. 955,Hendersonside,28189,Country A
607,608,Jorge Brown,950 Ashley Summit Suite 570,Derrickberg,94073,Country A
609,610,Randall Gibson,38747 Medina Roads Apt. 470,Davidton,81482,Country A
616,617,Erik Mcdonald,6349 Mikayla Crossing Suite 474,Cynthialand,26992,Country A
617,618,Michael Berry,28289 Stacie Islands,Allenchester,92259,Country A
624,625,James Lucero,433 Ashley Mountains Apt. 381,Henryton,79058,Country A
626,627,Amanda Simmons,59258 Marshall Underpass Suite 745,Briannaton,9973,Country A
628,629,Jonathan Kerr,201 Huang Ville Suite 560,Browningmouth,45412,Country A
632,633,Mr. Shawn Medina,500 Timothy Spring,Danielview,58327,Country A
645,646,Tim Clarke,22626 Jorge Via Apt. 033,Davidville,36715,Country A
646,647,Rebecca Villanueva,16750 Weaver Viaduct,Cookland,21787,Country A
648,649,Kendra Smith,4450 Perez Fords Apt. 410,Danieltown,5205,Country A
651,652,Jennifer King,4273 Calderon Forest,Ericaport,7131,Country A
656,657,Jennifer Day,77293 Martinez Groves,East Courtney,35256,Country A
658,659,Mr. Philip White,540 Jessica Cape Suite 601,Carrieville,5366,Country A
662,663,Sherry Moore,78893 Rhonda Run Suite 758,Adamsberg,82816,Country A
664,665,Mariah Parrish,4597 Courtney Knoll Apt. 056,Beanport,68192,Country A
665,666,Ms. Michelle Chapman,555 Lewis Row,Aaronburgh,15953,Country A
668,669,Lindsay Hurst,414 Autumn Isle Apt. 327,East Joy,10434,Country A
670,671,Christine Dixon,269 Christopher Stravenue,Austinview,42093,Country A
686,687,Tammy Vazquez,519 Debra Course Apt. 541,East Cindyport,69423,Country A
688,689,Michelle Richardson,432 Brady Valley,East Tyler,5456,Country A
690,691,Craig Jackson,891 Davila Well,Daltontown,41876,Country A
691,692,Amy Woods,9226 Stephanie Glens Suite 650,Gregorymouth,67064,Country A
693,694,Debra Kelly,9195 Lamb Creek Apt. 667,East Kevinfurt,99122,Country A
695,696,Charlene Ramos,382 Crawford Ways,Deborahside,17057,Country A
699,700,Jeffrey Brown,2655 Ferguson Mission,Christopherberg,20778,Country A
700,701,Angela Kane,9615 Gomez Isle,Diazfurt,15507,Country A
701,702,Deborah Cantu,20423 Barbara Squares,Dylanmouth,32541,Country A
706,707,Andrea Robinson,5750 Cassandra Street Suite 783,Amandaburgh,34328,Country A
708,709,Charles Sullivan,2068 Robbins Fall,Andrewtown,66772,Country A
713,714,Lori Sanchez,22583 Tammy Locks Apt. 822,Bellfort,90617,Country A
721,722,Lauren Schaefer,2847 Trujillo Cape Apt. 889,Ashleyhaven,15575,Country A
725,726,Daniel Coleman,8854 Laurie Stravenue,Henryview,3062,Country A
728,729,Jordan Mcdaniel,267 Patricia Spurs Apt. 974,East Yolandamouth,13689,Country A
731,732,Amanda Henderson,6111 Moore Dam,East Justinshire,6586,Country A
738,739,Paige Martinez,4748 Melissa Pines Apt. 028,Heidifurt,78046,Country A
739,740,Kathleen Davidson,34278 Hicks Landing,Greenport,5635,Country A
750,751,Kelli York,2474 Hanson Square,Hernandezmouth,80835,Country A
757,758,Casey Wright,7488 Whitney Square,Angelahaven,95930,Country A
760,761,Tony Owens,70206 Alan Falls,East John,24253,Country A
762,763,Sharon Reyes,86514 Kirk Row,East Breanna,16081,Country A
764,765,Tracie Cannon,24650 Jessica Glens Suite 093,Blackland,36909,Country A
766,767,Stephen Flores,726 David Trace,Brittneyview,75201,Country A
768,769,Michelle Calderon,755 Turner View Suite 900,Brendaberg,19362,Country A
774,775,Patrick Bowman,797 Jimmy Point,Henryside,98617,Country A
777,778,Rodney Nicholson,302 Morris Plains,Hansenshire,50122,Country A
780,781,Daniel Sheppard,84346 Lambert Landing Suite 531,Harrismouth,91472,Country A
784,785,Scott Johnson,99631 Kristen Lake Apt. 201,Derrickbury,23470,Country A
789,790,William Gonzalez,91350 Graham Court Apt. 684,Hernandeztown,70940,Country A
796,797,Krista Jackson,170 Shannon Fields,Foleyshire,97562,Country A
799,800,Nicole Herrera,2526 Sara Circles Apt. 119,Apriltown,3041,Country A
809,810,Timothy Randolph,4388 Mike Row Apt. 104,Hammondfort,85234,Country A
810,811,Anthony Smith PhD,0823 Lucas Row Apt. 253,East Melinda,71739,Country A
814,815,Jessica Wilcox,79805 Andrea Dale,East Nicoleville,50769,Country A
819,820,Crystal Walters,511 Baldwin Plains Apt. 568,Amybury,99012,Country A
823,824,Dr. Daniel Andrews II,90202 Aaron Valleys Apt. 144,East Lee,24222,Country A
824,825,Kathy Snow,7909 Kenneth Glens,East Kevin,16637,Country A
828,829,Brenda Holden,2528 Cox Falls,Cathyland,79574,Country A
830,831,Joseph Parks,770 Bailey Drive Suite 308,Donnaberg,44075,Country A
833,834,Steven Carter,04851 David Passage Apt. 125,Garyfort,94861,Country A
837,838,Lauren Huerta,8298 Rose Shores,East Daniel,81916,Country A
839,840,Susan Singleton,545 Johnson Glens,East Madeline,31994,Country A
840,841,John Ross,860 Peter Crossing,Alexstad,86503,Country A
841,842,Alan Roberts,23353 Patricia Fords,East Michael,63841,Country A
842,843,Patricia Rogers,68716 Carol Village Suite 463,East Douglas,59078,Country A
845,846,Brenda Velez,51392 Grace Corners Suite 225,Austinside,9727,Country A
847,848,Kevin Jones,18451 Johnathan Route Apt. 726,East Lawrencemouth,17225,Country A
854,855,Jason Howell,173 Mckinney Alley Apt. 268,Franklinmouth,48403,Country A
855,856,Katherine Rich,8098 Stephen Locks,Gonzalezshire,21053,Country A
860,861,Carlos Cox,0491 Brandon Islands,Aliview,44017,Country A
861,862,Ryan Ramirez,965 Garcia Common,Georgeville,61640,Country A
868,869,Dawn Kim,3992 Kaiser Loop,Derrickstad,32022,Country A
878,879,Christopher Bailey,317 Beltran Ports Suite 822,Foleybury,83053,Country A
890,891,Lynn Shaw,28285 Adam Keys,Castromouth,97757,Country A
896,897,Reginald Espinoza,8651 Owens Shoals,Bergview,64169,Country A
904,905,Hailey Munoz,9925 Johnson Mount Suite 284,Eugeneport,22719,Country A
907,908,Zachary Nguyen,81917 Perez Brook,Gregorystad,10084,Country A
908,909,Erica Flores,38685 Jamie Prairie,Hudsonhaven,36015,Country A
910,911,Carlos White,123 Mcclain Islands Apt. 332,Henrychester,63979,Country A
914,915,Megan Davis,715 Thomas Lake,Danielchester,33644,Country A
916,917,Jeffery Padilla,3011 Joanne Manor Apt. 128,Cindyville,38615,Country A
922,923,William Miller,09354 Mary Knolls Suite 342,Amandaside,25667,Country A
924,925,Alan Blanchard,8068 Brown Hill Apt. 739,Barberburgh,37206,Country A
925,926,Carla Reid,5916 Morgan Forks Apt. 807,East Nicholechester,35953,Country A
927,928,Teresa Reid,824 Spencer Island Suite 390,Castillomouth,5197,Country A
928,929,Kari Frederick,751 Baker Ridge Apt. 779,Espinozamouth,57249,Country A
929,930,Monica Watts,0088 Melissa Hill,Heathermouth,71946,Country A
932,933,Danielle Obrien,8243 Williams Well Suite 816,Davidhaven,60643,Country A
934,935,Jeffery Diaz,40141 Combs Station Apt. 945,Chenville,96746,Country A
936,937,Tamara Mason,55571 Jones Lodge Suite 812,East Chad,7448,Country A
946,947,Alex Craig,28139 Adam Overpass,Gonzalezborough,12427,Country A
955,956,Carlos Wolf,3696 Li Park Suite 427,Gonzalezview,5093,Country A
956,957,Mr. Vincent Tran Jr.,5887 Boone Mission Suite 654,Brandonport,61526,Country A
958,959,Elizabeth Proctor,24830 Jason Centers,Dunnview,46562,Country A
961,962,Brittany Thompson,8472 Nathan Shoal,Colleenville,1323,Country A
965,966,Randy Coleman,3345 Holly Locks,Hernandezview,72216,Country A
974,975,Terry Johnson,453 Anthony Groves,Bushchester,91719,Country A
981,982,Cynthia Webster,17628 Chandler Forges Suite 498,Elizabethton,21355,Country A
984,985,Tara Ford,6603 Matthew Streets,Carolshire,2857,Country A
988,989,Matthew Fuller,898 Conley Drive,East Arthur,63243,Country A
995,996,Frank Cruz,15086 Marcus Extensions Apt. 463,Brownhaven,60524,Country A
