id,name,street,city,zip
1,Patricia Cooper,99990 Kimberly Street,Moorefurt,07956
2,Matthew Smith,4835 Nicole Stream Suite 129,Wilkinsport,55324
3,Brent Barry,48830 Martinez Station Apt. 867,Tracystad,58661
4,Lisa Rose,17126 Scott Neck Apt. 584,New Hannah,51132
5,Brandon Fernandez,15387 Todd Points Suite 073,Loriport,02617
6,Tiffany Johnson,531 Dana Terrace Apt. 717,Greenside,83055
7,Traci Mack,882 Shannon Crossroad Suite 611,Sandraborough,50794
8,Tammy Patel,243 Gilbert Haven Suite 094,West Kimberlyborough,83396
9,Paul Davis,12866 Finley Port,South Karlaland,99312
10,Sherry Cook,6219 Jackson Pike,Taylorstad,26188
11,James Smith,82748 Jasmine Key Apt. 218,Amandachester,97365
12,David Hutchinson,02575 Williams Extensions,Michaelmouth,17085
13,Cameron Hart,466 Weeks Lodge,Bryantborough,82949
14,Dana Hardy,82432 Dunn Glen,East Peter,40305
15,Tanya Rogers,1523 Wilson Extension,East Curtistown,43350
16,Faith Marquez,176 John Rest Apt. 046,Sueburgh,24044
17,Kevin Turner,45649 Hale Mills,Amberton,27187
18,Michelle James,6240 Ashley Locks,Johnsonfurt,63705
19,Frank Alexander,8701 Adam Prairie,Lake Anitafort,59801
20,Shannon Henderson,762 Leon Rest,Lopezfort,25002
21,David Farley,6023 Paul Inlet Suite 884,Murraychester,26004
22,Kristin Fernandez,994 Baker Inlet Suite 360,Lake Carolynstad,67124
23,Toni Werner,496 Katherine Overpass Suite 972,New Robert,90135
24,Alexander Rocha,82582 Miguel Orchard,West Emilyhaven,79718
25,Tara Holmes,7304 Sean Key,West Jason,80695
26,Victoria Conley,085 John Gateway,Goodview,95400
27,David Hensley,059 Black Crescent,Hicksside,29874
28,Mr. Edward Clark,3732 Catherine Ranch,New Autumn,19359
29,Michelle Chambers,90694 Martinez Glen,East Johnburgh,05641
30,James Gonzalez,491 Jason Lakes Suite 309,Porterstad,41990
31,Stephen Taylor,243 Jacob Lights,Tiffanyborough,40794
32,Daniel Cochran,8021 Morgan Ranch,Clarkfort,75881
33,Christopher Donovan,4034 Benjamin Terrace Suite 337,Marshallchester,85897
34,Monica Bolton,7167 Henry Crescent,Pettyshire,50478
35,Mr. Jacob Davis,888 Duncan Mountains,Stephensview,74031
36,Eric Walls,232 Mccoy Court,North Rhonda,69774
37,Darlene Ochoa,75755 Perkins Path Apt. 019,West Christopher,11154
38,Barry Santiago,27861 Edwards Fords Suite 032,South Caroline,43626
39,Geoffrey Smith,5654 Thomas Port,Michelleborough,40083
40,Bradley Fischer,6770 Salas Islands Apt. 763,Ortizfurt,92105
41,Katie Ryan,82832 Brandon Wall Suite 288,South Kimberly,26617
42,Victoria Matthews,428 Willis Spur Suite 213,East Amy,43263
43,Katherine Potter,52008 Avila Row Suite 659,New John,51287
44,Lindsey Johnson,600 Aguilar Stream,Maryfort,11431
45,Stephen Richardson,0523 Edwards Circles Apt. 727,Michaelview,61600
46,Jeffrey Webster,76687 Chad Port Apt. 664,South Kennethmouth,79868
47,Nathan Sanchez,947 Robinson Stream,East Jennifer,71972
48,Mr. Martin Kramer III,138 Tyler Trail,Kleinton,98571
49,Susan Sanchez,51144 Wilson Shoals Apt. 072,Wesleyland,19067
50,Mary Alvarez,181 Mark Island,Nicholestad,74427
51,Joseph Cantrell,356 Sanchez Curve Suite 827,Port Bruce,33794
52,Destiny Larson,334 Bell Crossing,Jordanshire,58098
53,Bradley Green,838 Conrad Mill,Port Marcoberg,62510
54,Michael Lambert,8945 Paula Shoal,Ashleybury,30105
55,John Owens,24280 Jessica Extension Suite 896,Lake Zacharymouth,78765
56,David Hinton,3930 Palmer Freeway Apt. 369,Joneshaven,90861
57,Amanda Lynn,5665 Harris Parkways,New Clayton,01681
58,Kelly Myers,52708 Lawson Forks,Millerview,46410
59,Mr. Nicholas Steele DDS,39225 Kelly Expressway,Desireeview,51131
60,Karla Ellis,8416 Michael Squares,West Brian,62734
61,Stephanie Chandler,304 Rebecca Divide,Lake Allisonfort,25056
62,Natalie Acosta,722 Wilson Junction,Robertsstad,55076
63,Chris Spencer,0356 Margaret Well Suite 156,North Shannon,57966
64,Kevin Espinoza,348 Lopez Turnpike,Ashleymouth,42905
65,Melissa Jacobs,04227 Jill Stravenue,West Veronicaville,29821
66,Brenda Bradshaw,2825 Joseph Mill Suite 517,Lake Patrickburgh,22477
67,Laura Wilson,212 Collins Mill,Tashaborough,90847
68,Ashley Lewis,8135 Traci Forks Apt. 436,Ralphstad,63719
69,Kim Swanson,38118 Kevin Tunnel Apt. 024,West Jakehaven,04995
70,Matthew Thomas,69250 Hobbs Light Suite 276,South Andre,62653
71,Samuel Hartman,13633 Mccarthy Parkway,West Loriport,30896
72,Janice Henderson,820 Frederick Avenue,West Danielfurt,62496
73,Joshua Lee,292 Wells Streets,Hutchinsontown,73101
74,Kelly Palmer,9550 Park Ways,East Tammy,16963
75,Jennifer Patterson,8228 William Summit Apt. 434,Wattsville,68086
76,Adam Snyder,82768 Miller Stravenue,Lewisfurt,46363
77,Megan Hutchinson,4662 Williams Freeway Apt. 360,Michellefurt,94460
78,Nancy Camacho,3998 Morrison Pike,Kevintown,70624
79,Paul Rasmussen,27553 Andrew Mews,Alexiston,16014
80,Matthew Johnson,4720 Tran Keys,Estradamouth,49154
81,Ashley Fuller,88806 Wilson Plaza Suite 348,North Abigailfort,95737
82,Leslie White,3155 Timothy Stravenue,Odonnellmouth,08180
83,Zachary Walters,4971 Paul Plains Apt. 673,West Patrickmouth,32151
84,Michael Shelton,36966 Lin Port,Bryanport,30139
85,Michael Wells,2679 Kramer Glens,East Davidburgh,09429
86,Jasmine Farley,75623 Zhang Walks Suite 204,Jenningsmouth,07500
87,Allison Barnett,641 Lane Inlet Suite 813,Lake Kevinfurt,90814
88,Jason Branch,31273 Tanya Course,Lake Elizabeth,74767
89,Travis Rios,8959 David Pines Apt. 430,West Brandyfort,58244
90,David Maldonado,49387 Reese Pike,Keithshire,35930
91,Tracy Johns,2915 Smith Square,Lake Wendy,83651
92,William Kaufman,89763 Steven Garden Apt. 564,West Marie,10961
93,Robert Miller,156 Park Rapids Suite 066,East Amy,42921
94,Jennifer Cross,1363 Debbie Fields Apt. 948,Hendersonland,72773
95,Daniel Wright,034 Elaine Ranch,Herreraberg,09757
96,Rebecca Dominguez,02977 Amy Crossroad,Ericfurt,88451
97,Michelle Hines,471 Brown Hills Suite 730,Harrystad,90383
98,Ellen Patterson,449 Nelson Rapid,Larsenshire,53512
99,Robert Hicks,714 Nicole Ville Apt. 896,South Rebekah,79501
100,Todd Pena,816 Anthony Lodge,Port Tomside,75176
101,Cory James,00252 Tucker Falls Apt. 610,Port Dale,66455
102,Travis Sweeney,514 Cook Brooks,Michealside,40450
103,Matthew Higgins,4658 Reed Lodge Suite 769,Schultztown,43283
104,Sharon Nunez,37292 Woodward Island,Nathanielshire,59450
105,Matthew Webb,394 Richardson Extensions,Lake Scottland,30188
106,Martin Graves Jr.,166 Justin Flat,Haleychester,36943
107,Scott Fields,88036 Morrison Ferry,Parsonsberg,91220
108,Jeffrey Webb,603 Thompson Squares,North Julieberg,63550
109,David Jenkins,3017 Nelson Falls Suite 121,Baxterburgh,11188
110,Chad Cox,28475 Peck Crescent,West Zoe,22119
111,Evan Carroll,5139 Timothy Pine Suite 177,North Traceyport,61239
112,Brandon Vasquez,7960 Webster Flat Apt. 936,Lake Matthewville,42750
113,Patricia Meyer,0326 Carr Trail Apt. 161,North Ashleyview,91938
114,Mallory Cummings,979 Richard Park Apt. 244,Lake Brenda,35859
115,Angel Lewis MD,61068 Foster Lock Apt. 900,Bentleystad,05082
116,Henry Lewis,33813 Figueroa Ville Suite 374,Donaldberg,41928
117,Bethany Shannon,50969 Manuel Highway,Ryanland,46217
118,Noah Bautista,818 Sarah Plains,Houstonside,09697
119,Christopher Anderson,177 Hernandez Ford,South Alexismouth,25773
120,Angela Robinson,187 Matthew Port,New Krystalstad,28047
121,Tina Taylor,1230 Williams Center,Cookberg,23499
122,Morgan Cooper,650 Larry Ferry Suite 438,Snyderburgh,48976
123,Christina Thomas,11338 Gross Manor Suite 226,Barbaraland,93486
124,Daniel Chapman,592 Joshua Court,North Katherine,08078
125,Alec Juarez,67574 Jessica Ports,Laneland,47441
126,William Chung,3440 Barber Radial,New Margaretstad,09263
127,Joseph Cruz,340 Steven Lane,Richardsview,64174
128,Crystal Dunn,29222 Holly Tunnel,Paulfort,04736
129,Mr. Andrew Mathis,96211 Christopher Views,Lawrencefort,68766
130,Marcus Fox,13789 Jacobs Heights,Scotthaven,44105
131,Timothy Brown,96135 Dustin Road,Denisefurt,39890
132,Angela Ho,5689 Nancy Trafficway,New Marymouth,80491
133,Charles Young,14268 Ross Meadows Suite 638,Sullivanberg,24757
134,Jessica Smith,6252 Jessica Path Apt. 876,Raymondview,38003
135,Leslie Snyder,1242 Reyes Center Suite 914,Danielton,90096
136,Stephanie Jones,5947 Brad Rapid,New Joannemouth,10969
137,Crystal James,9226 Christina Crossroad,Walkermouth,17835
138,Jeff Moore,82806 Robert Prairie Apt. 594,New Jose,81779
139,Angela Jordan,64622 Maria View,Bergerberg,23318
140,Robert Sanchez,7712 Coleman Ranch Suite 398,Raymondtown,23407
141,Deborah West,0633 Cox Manors Suite 919,Martinezton,95829
142,Beth Ferguson,1393 Jamie Oval,Kellyhaven,38711
143,Daniel Davis,151 Dale Springs Suite 192,Angelborough,64356
144,Rachel Hodges,94573 James Highway Suite 645,Port David,86545
145,Jennifer Richardson,5672 Antonio Harbors Apt. 811,West Nancyburgh,79896
146,Tracy George,14542 Davis Views,Shannonport,83148
147,Deborah Armstrong,830 Miller Pike,Port Andrewfort,48688
148,Ronald Garcia,496 Bryan Squares Apt. 698,Port Bobbyberg,76436
149,Dana Brown,196 Jenkins Oval,West Patrick,39727
150,Joann Diaz MD,802 Shepard Hill Apt. 801,Laceyberg,78326
151,Taylor Garza,223 Stephen Dale,Josephshire,97797
152,Lisa Pena,402 Robert Forge,East Brandon,93822
153,Veronica Haynes,576 Kristin Haven Suite 103,Weststad,59814
154,Perry Hart,5829 Patel Mill,North Jordanmouth,42670
155,George Zimmerman,4774 William Glens,New Randallburgh,07612
156,James Harris,3805 Kayla Villages Suite 278,Lake Matthew,53679
157,Natalie Jackson,48442 Roberts Crossroad Apt. 988,Holdenview,92334
158,Jonathon Roberts,99676 Ellis Squares,Greenbury,66964
159,Philip Flores,88903 Brian Neck Suite 809,New Christopher,09863
160,Lisa Torres,20090 Carter Throughway,Jasonland,17996
161,Erin Foster,2391 Anthony Ports Apt. 741,Port Madisonborough,28957
162,Heather Castillo,978 Shelly Turnpike Apt. 131,West Justin,96512
163,Colleen Morales,063 Dennis Stravenue Suite 196,North Anthonyview,52596
164,Morgan Martinez,50742 Nichols Walks,Reedview,47483
165,Adrian Garcia,5098 Warner Via Suite 099,New Stephaniebury,91897
166,Nancy Howard,36743 Andrea Rapid,West Martha,33885
167,Michael Yates,70979 Lindsay Extensions,North Shawnview,98628
168,James Palmer,48530 Ewing Overpass,Danielsview,41579
169,Dylan Howard,07972 Anthony Ferry,Kingfort,41704
170,Barry Watts,3761 Cruz Junction,Jameshaven,13450
171,Kevin Jackson,69708 Angela Coves,Lake Shannonhaven,29548
172,Patrick Fox,21515 Campbell Island Suite 631,Thomasborough,87645
173,Jennifer Leach,139 Nelson Inlet,Ramirezstad,60895
174,Timothy Howard,421 Rachel Estate,West Kristen,15492
175,Kathy Christian,025 David Forks,Port Erin,55786
176,Jerry Torres,5344 Walker Ways,Amyberg,48356
177,Logan Riley,51066 Sharon Shore,Lake Alexandra,80044
178,Thomas Stewart MD,2342 Neal Fort Apt. 695,East Maria,12317
179,Raymond Stewart,0317 Melody Valleys,Harrisberg,19287
180,Brenda Myers,37342 Tracie Circle,Limouth,37965
181,Benjamin Dickerson,8102 Warner Heights Apt. 568,Lake Teresaborough,14120
182,Kevin Pitts,600 Griffin Highway Apt. 439,Lake Ashley,36838
183,Samantha Figueroa,9260 Rivera Underpass,Lowerymouth,16941
184,Eric Baker,37412 Emily Summit Apt. 607,Alvarezmouth,14538
185,Shelley Williams,0928 Rachel Trail Suite 240,Normanmouth,42764
186,Tyler Williams,14175 Zimmerman Parkway Suite 588,East Geoffreyton,57017
187,Alyssa Mayer,3105 Mendez Stravenue,Schroederland,88581
188,Molly Johnson,43474 Alex Heights Suite 134,New Timothy,89109
189,Steven Carter,1504 Townsend Radial Apt. 168,New Morgan,34148
190,Charles Anderson,108 Kyle Port Suite 512,Lake Jeremyshire,33285
191,Sarah Dean,48381 Zhang Turnpike,Lake Kathleenside,59312
192,Kathy Mahoney,788 Rachel Shoals Apt. 433,North Hannahside,42278
193,Kelly Cook,268 Hall Locks,Wallside,68298
194,Joshua Miller,78255 Sharon Burg Apt. 126,Port Elijahland,72217
195,Travis Lopez,2474 Henry Summit,South Juliefort,15443
196,Dr. Jordan Valdez MD,4009 Martin Bridge,Jerryhaven,45562
197,Whitney Moyer,064 Jorge Shore Apt. 801,South Brianchester,56408
198,Antonio Smith,4822 Jill Points,New Carrieburgh,66305
199,Elizabeth Williams,69065 Matthew Turnpike,West Rebecca,72978
200,Benjamin Knight,0648 Romero Street,Robertfurt,67210
201,Angela Nelson,7892 James Pass Suite 534,Wilsonburgh,99338
202,Sergio Smith,347 Karen Springs Suite 297,Ruizview,88658
203,Tara Barnett,86827 Brandon Summit,East Deniseburgh,60230
204,Shannon Shepherd,0416 Anderson Mountains Apt. 829,Waltersfort,77857
205,Stephen Bell,3931 Travis Overpass Apt. 011,Richardport,21985
206,Kenneth Erickson,034 Madden Ridges,East Mariefort,15264
207,Gregory Kramer,99407 Smith Walk Apt. 245,West Jason,09225
208,Dale Shannon,29941 Michael Station,South Kellybury,84211
209,Robert Williams,4279 Johnson Way,Michaelview,99908
210,Michael Hull,459 Nelson Viaduct,West Brenda,38477
211,David Myers,551 Riley Plaza Apt. 665,South Kimberly,03080
212,Nathan Mason,10479 Jacob Lodge Apt. 732,Jayton,13994
213,Donald Young,39977 Cole Mountains Apt. 667,Susanton,67769
214,Tamara Davis,82006 Jessica Unions,Heathermouth,28094
215,Sarah Jackson,2510 Williams Park,Thomasbury,75461
216,Alexander Frazier,172 Lisa Locks Suite 231,East Carlos,19512
217,Derrick Dean,98191 Samantha Skyway Suite 134,East Andrewhaven,25175
218,Pamela Suarez,534 Barnes Plaza Apt. 529,Port Tabithaburgh,90493
219,Melissa Figueroa,7772 Taylor Turnpike Suite 976,Annahaven,26488
220,Paula Reed,584 Wang Isle,Timothymouth,23321
221,Thomas Jones,229 William Expressway Apt. 536,Bensonhaven,46588
222,Mrs. Courtney Flores PhD,132 James Rue Suite 354,Brianview,41505
223,Mary Booker,9572 Patrick Gardens,Jacksonfurt,67868
224,Julie Spears,37342 Delgado Views Suite 930,Nicholsburgh,36643
225,Gabriel Wilson,90454 Shelton Plain Suite 499,Munozside,83390
226,Edwin Hansen,1442 Michelle Forge,Careyburgh,68304
227,Michael Dillon,309 Jessica Knolls,Angelafurt,35157
228,Brian Martin,104 Marsh Neck,Port Collinfort,17670
229,David Howell,915 Jenkins Burgs Suite 881,Josephfurt,27235
230,Catherine Moore,4592 Hayes Court Apt. 902,Shafferbury,02467
231,Casey Clark,402 Ashley Inlet Suite 373,South Tara,71429
232,Mary Frost,4104 Turner Lane,Lake Jennifer,67075
233,Mackenzie Campbell,999 Hicks Mount Suite 983,Bassmouth,56576
234,Paul Rich,2387 Lauren Points,Robertland,89663
235,Cheryl Smith,63164 Cassandra Rest,East Melissaville,17666
236,Christy Carey MD,264 Hays Heights,Chapmanland,49668
237,Tony Sanders,1054 Leslie Crest Apt. 123,Jasonton,14275
238,James Pierce DVM,68526 Michael Fall,Blakehaven,26371
239,Christy Moore,1692 Timothy Light Apt. 253,Skinnertown,64027
240,Lori Miller,0998 Burch Shores Suite 714,North Catherineborough,83681
241,Charles Brooks,0795 Richard Burg,Port Patricia,19621
242,Alicia Johnson,284 Martin Ports Suite 637,East Thomas,56781
243,Mrs. Karen Harris,91554 Barker Manor Apt. 683,East Davidmouth,94366
244,Dylan Price,204 Jason Place Apt. 976,West Claire,09152
245,Lisa Bell,819 Anthony Key,South Donaldview,05171
246,William Grimes,82103 Martin Forest Apt. 978,North Justinfort,18298
247,Matthew Romero,625 Villarreal Mountains,North Davidmouth,06129
248,Christina Burton,20960 Shawn Walk Suite 513,West Aaronchester,21503
249,Anna Bell,095 Clark Meadow Suite 570,Kellyport,80738
250,Tammy Pham,63870 Taylor Ferry Apt. 719,Port Andrewmouth,30991
251,Alisha Jackson,570 Steven Parkways,New Alexis,47483
252,Kimberly Cross,94923 Justin Overpass Apt. 198,South Tiffanyberg,72911
253,Joyce Avila,60555 Susan Valley Suite 244,East Michael,74874
254,Robert Dean,039 Jacob Islands,East Brittany,16876
255,Christopher Miller,3110 Rogers View Suite 224,West David,59140
256,Austin Rivera,70825 Lee Garden,Port Jenniferton,23934
257,Catherine Dalton,492 Benson Ports,Josephshire,47814
258,Samantha Powell,49861 Michael Flat Apt. 208,Josephburgh,74614
259,Edward Jones,363 Haynes Hills Apt. 556,South Dennis,80684
260,Christina Saunders,81406 Peter Branch Apt. 071,Woodmouth,25841
261,Jonathan Freeman,8973 Ramirez Cove,Travishaven,62354
262,Brian Moore,72996 Mary Shoal,Davisshire,17724
263,James Porter,6144 Adkins Drive Suite 002,South David,42914
264,Matthew Hurst,22901 Benjamin Islands Suite 886,Mistyfort,09978
265,Allison Peterson,931 Charles Extensions Suite 991,Juanland,40304
266,Scott Jackson,4609 Jason Land Suite 157,Port Franciscoburgh,25505
267,Devin Thompson,2278 Courtney Crossroad Suite 532,Shafferstad,82825
268,Mark Wells,7183 Mclean Pike Apt. 496,Jacobborough,10659
269,Jacob Estrada,05326 Guzman Stravenue Apt. 859,Lake Oliviaville,02920
270,Stuart Reid,14651 Kristi Plains Apt. 267,Lake Justin,34429
271,Melinda Moore,56496 Philip Inlet,South Cynthiamouth,43877
272,Jill Foster,5088 Bailey Highway,East Charlesland,44947
273,Dr. Lindsay Howard,93172 Steven Skyway Suite 345,Port Madelinestad,18159
274,Jennifer Hernandez,525 Rice Land,Port Jodiburgh,66345
275,Daniel Adams DDS,088 Galvan Mountain,Millsview,34194
276,Christine Hubbard,5694 Linda Landing,South Kristinburgh,80504
277,Kimberly Richards,743 Molina Causeway,Stephanieland,82376
278,Paul Serrano,215 Megan Bridge,South Susan,54523
279,Mary Weaver,25165 Powell Flat,Lindamouth,74328
280,Paula Cochran,5959 Casey Ways,Sharpstad,21489
281,Sandra Young,30179 Drew Centers,West Michaelfurt,29278
282,Dawn Boyd,6563 Stephanie Mountain Suite 598,Port Michaelhaven,61797
283,Tina Johnston,4994 Linda Shore Suite 610,Jenniferhaven,78288
284,Brittney Torres,950 Samuel Islands Suite 915,Lake Thomasbury,11481
285,Daniel Ramirez MD,0981 Zachary Key,Freemanbury,29068
286,Crystal Wang,68762 Anne Circle,Port Kathyfort,12775
287,Mary Brown,251 Natasha Estate,Lake Kristin,22962
288,Michael Herrera,952 Daniel Burg,Marctown,40926
289,Thomas Cook,60884 Bailey Keys Apt. 383,Callahanshire,75616
290,David Hogan,55090 Thompson Curve Apt. 466,Michelleville,10404
291,Mrs. Tara Johnston DDS,936 Rodriguez Burgs Apt. 479,East Juliatown,78178
292,Amy Sanders,3899 Anderson Alley,North Marymouth,69593
293,Michael Mullen,462 Rosario Point,North Robert,26315
294,Danielle Powers,57843 Berry Extension Suite 757,Dustinchester,17025
295,Sara Sharp,80819 Mason Canyon,Wallacechester,72776
296,Dakota Gibson,4056 Troy Ports,New Brittany,68081
297,Cody Sanchez,868 Sarah Terrace Apt. 411,Port Mary,73805
298,Karen Williamson,31023 Meghan Row Apt. 575,Campbellborough,59259
299,Rose Edwards,8107 Alexandria Centers Apt. 667,Gregoryshire,46517
300,Johnathan Rasmussen,7547 Robin Burgs,South Harold,37499
301,Austin Thompson,25907 Carey Harbors Suite 082,Deanview,14256
302,Amy Baird,9226 Bethany Plaza Suite 758,Brittanyfort,38413
303,Diane Brooks,303 Baker Corners Suite 884,Johnburgh,43563
304,Connie Zuniga,0817 John Vista,Petersonchester,16422
305,Jacqueline Williams,212 Gonzalez Ridges Suite 711,Cervanteston,13433
306,Carol Gibbs,357 Ashley Drive Apt. 330,North Victoriamouth,38507
307,Zoe Miller,588 Smith Square,South Lisa,32467
308,Mrs. Sara Patterson,4971 Johnson Club Suite 884,Danielleview,54245
309,Lucas Martinez,1129 Cook Radial Suite 637,Georgestad,33134
310,Sarah Robinson,202 Blanchard Islands,East Denisemouth,76728
311,Mark Smith,04777 Weeks Plains,Jeffreyview,03472
312,Krista Yu,94290 Weber Pass,Port Sally,74860
313,Michael Santos,688 Martinez Way Apt. 404,Walkertown,35213
314,Robin Nelson,1855 Charlotte Greens,North Cheryl,62297
315,Kenneth Smith,76479 Todd Ramp,South Billychester,42365
316,Ashley Rodgers,135 Orozco Passage,East Kimberly,63918
317,Terri Gilbert,154 Lindsey Mission,Ashleyside,67965
318,Jo Jacobs,2486 Brian Spur Suite 530,South Benjamin,97157
319,Amy Molina,514 Suzanne Plains,Cassandraberg,98276
320,Jacob Jones,56211 Gould Hills,East Danielleville,88091
321,Mary Francis,665 Moses Circle,Kennethstad,54660
322,Christopher Barnett,163 Regina Isle Suite 571,North Jonathan,78250
323,Steven Solis,75576 Morgan Island,Danielton,57094
324,Betty George,8335 Murray Ville,Kimberlyview,95059
325,Cody Owens,680 Cooper Crest,Jacobview,64075
326,Laurie Kent,6119 Alison Rapids Suite 431,South Jessica,30854
327,Thomas Fry,32233 Thomas Pines Suite 738,Johnsonville,34234
328,Ashley Turner,3683 Connie Mountain,Harrisfort,79430
329,Joseph Humphrey,34917 Larry Drives Suite 004,Contreraston,08010
330,Christian Lucas,613 Oscar Forks Suite 060,Fordberg,12980
331,Brian Jacobs,68085 Patton Road,Stephenfort,03871
332,Samantha Bell,4611 Cohen Knolls,Alexandriastad,20302
333,Sonya Ferguson PhD,549 Patrick Unions Suite 509,Williammouth,42879
334,Kevin Anderson,6627 Ramirez Trail Suite 129,Rodgersmouth,95137
335,Mark Love,4989 Edwin Creek,West Robertport,13215
336,Matthew Huff,666 Ball Fork Suite 250,East Travisfort,10548
337,Timothy Ritter,7782 Victoria Trail Suite 840,Port Williamtown,63833
338,Tonya Johnson,28343 Monica Ways Suite 841,East Jessica,50790
339,Lisa Stevens,6986 Conner Ports,North Marvin,69959
340,Karl Jackson,3747 Peterson Causeway,Amandaborough,89117
341,Steven Bryant,0849 Alyssa Ridges Apt. 019,Jeffreyshire,32711
342,Alexandra Roy,5805 Joshua Rapids Suite 692,Martinezberg,05748
343,Erica Price,569 Henry Estate Apt. 065,Cooperton,40433
344,Brian Hudson,96932 Watson Avenue,New Mark,79030
345,Kathleen Lucas,3346 Lee Ville,Thompsonfurt,04413
346,David Lee Jr.,250 Wilson Island Suite 438,Lake Christopher,03259
347,Brenda Mendoza,5063 Pace Park Suite 167,West James,69459
348,Roger Bradley,701 Michael Rapid,Port Kathryn,28670
349,Eric Bell,07879 Kimberly Lane Suite 544,Anthonymouth,99924
350,Stephanie Daugherty,05141 Dyer Stravenue Suite 890,Port William,57587
351,Sharon Griffin,7041 Matthew Spur,Vaughnfort,42048
352,Joshua Graham,2933 Jerome Fields,Nguyenborough,27125
353,Heather Schultz,28527 Raymond Wall,Stevenfurt,73380
354,Samantha Davis,98880 Bobby Oval,Janiceport,22394
355,Amanda Fisher,14829 James Burg,Christinestad,31170
356,Charles Hayes,0309 Sims Wall Suite 591,Rogerton,30231
357,Jessica Maynard MD,6588 Pamela Key,New Ashleyborough,02150
358,Joshua Lamb,27832 Michael Mount Suite 207,Vargastown,75091
359,Donna Burton,47551 Romero Vista Suite 462,South Carolchester,28582
360,Maria Johnson,8048 Johnson Vista,Port Robert,67214
361,Manuel Ross Jr.,87946 Munoz Skyway,Forbesview,91061
362,John Montgomery,358 Michael Motorway Apt. 029,North Judith,55996
363,Julie Wood,876 Diane Drive,Joshuamouth,64885
364,Jacqueline Barnes,117 Larry Plaza Suite 312,Roseport,05311
365,Kaitlin Diaz,3864 Smith Village Suite 308,Hoopertown,78118
366,John Davis,6563 Jared Flats,Melissaport,43631
367,Todd Martinez,053 Rodgers Keys,Lake Williamchester,78494
368,Jennifer Hull,54281 Reilly Drive Suite 631,Port Johnmouth,66425
369,Stephanie Watts,635 Thomas Crossroad,Port Amandafurt,22460
370,Kayla Wood,99942 Ferguson Lock Apt. 473,East Tinachester,92139
371,Daniel Butler,3037 King Shores Apt. 331,East Nathanville,84850
372,Adam Butler,0436 Flowers Spurs Suite 023,West Raymond,47686
373,Sharon Ellis,945 Flores Island,Port Bobby,72059
374,Rachel Hernandez,22026 William Burgs Apt. 244,East Joanna,22346
375,Michael Ramirez,02455 Jacqueline Street Suite 276,West Angelaberg,25338
376,Kimberly Barnes,37548 William Knolls,Charlesfurt,15196
377,Courtney Nelson,2317 Nichols Island,Jameschester,04034
378,John Short,7591 Smith Fork Suite 392,Port Roberttown,84007
379,Allison Perkins,510 Park Forks,Bartonmouth,79802
380,Linda Smith,26680 Carter Glens,Morrisfort,88362
381,Andrea Walker,8798 Michael Mount,Kelleyville,85753
382,Amy Rodriguez,31390 Logan Harbors,Butlermouth,15013
383,Allison Harvey,720 Hansen Crossroad Suite 754,East Sharon,94078
384,Peter Hayes,40820 Rogers Isle,Lake James,79943
385,Lauren Cannon,56614 Adams Ford Apt. 958,Jacobmouth,88896
386,Ronald Harvey,789 Jackson Fords,Port Benjaminton,54174
387,Patrick Moore,61996 Wilson Stravenue Apt. 331,New Johnville,10862
388,Michael Clark,60018 Holly Terrace Suite 910,Aprilborough,93990
389,Daniel Reyes,911 Amy Streets Apt. 843,Josephberg,41779
390,Jason Watkins,024 Carpenter Island,Berryberg,23684
391,Michelle Hill,4537 Gonzalez Village Apt. 502,Michaelmouth,47082
392,Diana Walters,2381 Mcgrath Pike Apt. 880,Jonathanstad,25155
393,Christopher Rose,69426 Moore Mall,Schwartzland,76555
394,Jodi Collins,422 Angela Haven,Lake Rebeccaberg,64496
395,Tracy Frazier,439 Young Locks,New Derekchester,00908
396,Justin Martinez,765 Kelley Dam,South John,97301
397,Nathan Jacobs,281 Alvarez Green,East Becky,31296
398,Kristin Brown,6544 Herrera Forges Apt. 817,North Stacy,79799
399,Kristina Mooney,2899 Patterson Plaza Apt. 137,North Philip,41232
400,Gregory Torres,99748 Ashley Walk,Heatherville,51722
401,Robert Lucero,8469 Young Fords Suite 464,Bartletthaven,33694
402,Laurie Mccall,89206 Sarah Drive,South Markbury,94554
403,Charles Koch,54749 Weber Spur Apt. 793,Keithchester,38862
404,Anna Weber,31346 Timothy Turnpike Apt. 706,East Georgechester,97351
405,Melissa Melendez,98445 Bell Gardens,Meganton,76219
406,Marcus Mckinney,178 Park Pines Apt. 914,New Jamie,04865
407,Thomas Smith,73790 Kelsey Common Suite 477,Lewisland,22446
408,Mrs. Janet Gonzalez,82317 Adam Isle,West Kelly,59065
409,Donald Haney,96567 Travis Ranch Suite 787,East Kristaside,68913
410,Brian Pitts,2907 Hale Terrace,New Isaactown,80370
411,Victor Brown,575 Friedman Stream Suite 955,Autumnbury,27438
412,Christopher Black,3650 Harvey Islands,North Kevin,49682
413,Cristian Barker,8824 Harris Divide,West Tara,63356
414,William Parks,42496 Baker Rest Suite 689,Vickiefurt,95457
415,Tiffany Garcia,1415 Walker Circle,West Lorimouth,04779
416,Edwin Fields,9581 Adrian Walks,Rodriguezton,29648
417,Justin Bailey,8671 Lisa Curve,Maynardland,01553
418,Justin Hogan,46099 Anderson Square Suite 455,South Chris,19800
419,Monica Austin,160 Dennis Flats Suite 817,Leeland,15955
420,Catherine Garrett,679 Lee Flats Suite 300,Myersfort,03704
421,David Gomez,4183 Alex Center,Lake Cynthia,94041
422,Brian Roach,3486 Wendy Corner Apt. 964,Owensbury,44455
423,Tracy Wilson,3190 Heather Ridge Apt. 029,Johnsonville,81785
424,Joe Duran,29631 Lee Manor Apt. 331,South Jessica,93130
425,Jennifer Wilson,75063 Dana Pike Apt. 086,Port Jameston,45582
426,Melinda Peterson,5923 William Run Apt. 499,Stanleyside,39734
427,Mr. Daniel Green,2166 Steven Islands Suite 787,Christianland,46880
428,Wanda Vasquez,93602 Barnes Stream,Taylorside,69933
429,John Lawrence,79418 Hunter Keys Suite 484,Hernandezbury,81184
430,Melissa Wheeler,6615 Antonio Springs,Riceshire,83703
431,Misty James,00969 Russell Shores Apt. 224,Spencerfurt,06478
432,Mr. Juan Carr,973 Combs Circles Apt. 704,Benjaminberg,27409
433,Chelsea Allen,1152 Barbara Plain Suite 933,Johnshire,11236
434,James Cross,32878 Matthew Turnpike Apt. 564,West Steventown,12917
435,Joel Reid,7592 Robert Ridges Apt. 872,East Sonya,69818
436,Charles Doyle,564 Lindsay Squares,North Saraberg,52420
437,Joel Ramos,2415 Murray Coves,Port Kevinfort,02918
438,Nicole Farmer,893 Cory Glen,Bennettshire,67114
439,Michael Palmer,325 Johnson Islands Suite 731,Robertberg,20365
440,Emily Walker,980 Knox Place,Kellyview,07173
441,Jose Lee,9398 Kimberly Cliff,West Jillian,71277
442,Roberto Chen,81631 Joanna Mountains,North Jennifershire,88092
443,Katrina Schultz,916 Kathryn Shore,Andersontown,74347
444,Nicholas Taylor,04186 Jenna Locks Apt. 749,East Michaelview,32451
445,Anna Newman,25153 Heather Lock Suite 205,Watsonview,08942
446,Laura Baker,92571 Edwin Dam Suite 275,Port Maryville,50550
447,Miss Diana Gomez,8749 Brianna Mountain,Samuelstad,58852
448,Tiffany Mcdowell,17225 April Ford Apt. 623,Lake Bobby,42979
449,Francisco Chan,141 Jessica Points,Port Crystalland,25780
450,Stacey Camacho,3764 Cohen Dam,Taylorville,93627
451,Sherri Thomas,04286 Veronica Brook,South Jameston,16493
452,Jennifer Rice,12299 Morales Crescent Suite 765,New Amanda,83016
453,Marcus Christian,4559 Brooks Plaza Apt. 253,West Lindafort,75687
454,Paul Kennedy,8516 Davis Street Apt. 276,West Christophermouth,25271
455,Michael Berry,343 Sarah Hollow Suite 351,Zacharyberg,24438
456,Rachel Heath,8733 Thompson Locks Apt. 231,East Edward,19686
457,Gina Mooney,40160 Holmes Station,Martinezport,93695
458,Victoria Jordan,41250 Rebecca Throughway,Williamsshire,50844
459,Andre Henry,40221 Trujillo Shoals,Jacksonport,06139
460,Shawn Cooper,82254 Carr Knolls,West Johnton,94712
461,Scott Ochoa,39824 John Harbor,Russellmouth,33868
462,Ryan Campbell,890 Mary Fords,Faulknerberg,44497
463,Olivia Grimes,1016 Moore Fort Apt. 207,Lake Brandi,97612
464,Anthony Wall,3168 Graham Hill Apt. 623,Lake Stacy,89840
465,Raymond Watts,5734 Erin Islands Suite 741,Monicaberg,51139
466,Amanda Torres,10087 Ryan Rue,North Lisa,48407
467,Gary Torres,8621 Christensen Ville,Lake Mariahaven,03223
468,Stephanie Gonzales,1104 Cindy Squares Apt. 498,Philipfort,93391
469,Mark Garcia,97788 George Prairie Apt. 611,North Michael,38962
470,Paul Stevens,206 Gregory Mountains Apt. 016,Amandaland,79794
471,Joshua Caldwell,61867 Alex Roads,Lake Peter,93982
472,Shannon Chan,1045 Allen Motorway,East Sydney,56065
473,Amanda White,2605 Parker Oval Suite 077,Lake Jessica,60310
474,Holly Martinez,26281 Thomas Junctions,East Michaelview,12836
475,Shannon Houston,7287 Jones Groves,New Andrewchester,97399
476,Joshua Long,567 Brian Point Suite 644,Lindseystad,86751
477,Julia Pugh,405 Joseph Avenue,Crystalchester,59338
478,Brian Martin,69021 Megan Avenue Apt. 320,New John,83626
479,Juan Velez,24164 Katie Roads Apt. 715,Popemouth,39535
480,Alvin Porter,695 Murray Highway,Burtonfort,22876
481,Stephanie Chapman,5771 Chelsea Landing Suite 477,Lake Kevin,44732
482,Emily Davis,0335 Parker Flat Suite 095,North Tricia,61799
483,Bryan Ramirez,041 Matthew Prairie,Mccormickfurt,70722
484,Cheryl Edwards,36046 Williamson Mall,Johnchester,32705
485,Timothy Schultz,937 Hayden Trafficway,Smithland,17681
486,Ms. Sara Cohen,15739 Brown Lake Apt. 501,New Arthur,76931
487,Nicholas Anderson,446 Booker Knolls Suite 880,East Michaelbury,54878
488,Jonathan Gilmore,62006 Christopher Knoll Apt. 500,Jonathanshire,14857
489,Brittany Meadows DDS,70830 Mendoza Fields,Amandamouth,46869
490,Lisa Brooks,29733 Adrienne Pass Apt. 937,New Jessicafort,77171
491,Deborah Hancock,8946 Steven Lane Apt. 822,Crossstad,58985
492,Debra Morrow,171 Alan Overpass,Douglasland,22648
493,Charles Griffin,5100 Sanders Road Suite 758,North Jasonmouth,57251
494,Brittany Beard,0169 Young Key,Port Timothymouth,72882
495,Franklin Johnston,26535 Williams Circle,Evanston,53670
496,Robyn Beard,88410 Chandler Drive Suite 250,Hannahfort,96484
497,Jennifer French,6553 Daniel Manors Apt. 606,Samuelport,49635
498,Paul Martin,61914 Simmons Overpass,Danielbury,30716
499,Jonathan Cantu,33849 Reed Wells Suite 337,New Stephanieberg,53845
500,Jean Underwood,37323 Rachel Roads,Gregoryview,86790
501,Kathy Campbell,4177 Terrell Inlet Apt. 231,Butlerburgh,01057
502,Angela Winters,24839 Dennis Prairie,Port Emily,60758
503,Jason Wilson,76327 Allen Extension,South Brian,30083
504,Michelle Tran,4278 Hendrix Walks,East Melissa,24058
505,William Walton,94520 Angela Place Suite 093,Christinafort,60274
506,Joshua Nichols,1391 Fox Landing Suite 130,Washingtonfurt,77495
507,Gail Murray,96346 Haynes Glens,Nicoleland,69439
508,Richard Kelly,92589 Lisa Circles Suite 874,South Kyle,48391
509,Jennifer Mcmahon,43057 Alicia Ford Apt. 802,Lake Edward,95752
510,Rachel Davis,7185 Anthony Streets,Port Laura,47741
511,Emily Nguyen,4776 Kristin Bypass,Carterfort,43591
512,Anthony Nguyen,39226 Smith Viaduct,Christophertown,88311
513,Chad Patton,769 Gray Mount,East Michele,44796
514,Sarah Murray,21198 Jessica Groves Apt. 850,Collinsland,93508
515,Ariana Rodriguez,6442 Karen Junction Suite 120,Kaufmanport,42065
516,Carla Ryan,134 Collier Divide,Port Brittney,25201
517,William Sparks,459 Sharp Club Suite 708,North Davidhaven,54964
518,Margaret Lucas,737 Harrison Villages Suite 168,East William,39729
519,Tara Castro,153 Robinson Ports,Richardtown,25542
520,Cindy Hansen MD,8312 Ryan Rapids Apt. 854,Michaelstad,44036
521,Jody Diaz,9324 David Fort,Seanhaven,67275
522,Kimberly Goodwin,310 Williams Canyon Apt. 543,Antoniohaven,82147
523,Pamela Ray,556 Elizabeth Union Apt. 898,Walkerfurt,25729
524,Elizabeth Ali,04662 Anna Corners Suite 790,Travisfurt,49602
525,Karina Ortiz,646 Timothy Prairie,New Sharonland,51629
526,Debbie Chandler,373 Michael Park Suite 246,Lake Jennifer,26131
527,Patricia Griffin,40335 David Island Apt. 214,North Gilbertchester,11982
528,Julia Tran,6917 Alexander Summit Suite 077,Brandonfort,74789
529,Charles Gonzalez,9788 Paul Corners,New Barbara,54996
530,Cindy Johnson,410 Mcdonald Fork,Jeremyburgh,03916
531,Mark Callahan,7281 Herrera Fall Apt. 319,Amychester,57161
532,Steven Gregory,3356 Jeffrey Field,Amyview,52118
533,Sandra Cooper,149 Andrews Ferry Suite 168,Williamsshire,65511
534,Austin Jones,8175 Leonard Lane,Port Dennis,38095
535,Erin Cole,7539 Timothy Greens Apt. 570,Lake Christie,70422
536,Savannah Bean,74316 Joe Isle,East Michael,13952
537,Tara Doyle,68405 Baker Inlet,Jeffreyshire,24325
538,Victor Richards,894 Aaron Parkways Apt. 944,Randyberg,19987
539,Sarah Conner,693 Theodore Shoals,Lake Kimberlyhaven,06150
540,Robert Lawrence,539 Frank Way Suite 988,East Michelle,90350
541,Charles Pugh,4053 Marshall Lodge Suite 721,Jeffreyton,90587
542,Sarah Sawyer,717 Toni Plains Suite 678,Bellstad,26129
543,Carla Scott,70594 Castillo Mission,South Jamesfort,17150
544,Laurie Thompson,83386 Robert Turnpike Apt. 091,West Kevinville,59071
545,Allison Gray DDS,3140 Allen Streets,North Robert,04782
546,Julia Patel,89557 Mccormick Ranch,New Jeffreyton,49696
547,Ernest Welch,786 Burton Route Apt. 071,West Adam,48904
548,Dana Miles,8684 Tony Drive Apt. 488,Richardchester,68494
549,Brittany Cox,1511 Michelle Oval Apt. 613,Christinaland,93044
550,Jimmy Miller,114 Harold Corner Apt. 429,West Tammyport,87458
551,Craig Burton,65114 Lauren Viaduct Suite 449,North Andre,28354
552,Christina Schultz,90822 Alexander Circles,Robertchester,92712
553,Megan Bullock,257 Martin Spur Suite 510,Jonathanside,47209
554,Sharon Richardson,8594 Hess Station Apt. 447,Cruzville,68174
555,Breanna Stevens,891 Bennett Route Apt. 188,New Julian,86675
556,Laura Bridges,093 Anderson Rest Apt. 108,West Oliviaview,24919
557,Jennifer Byrd,648 Joanna Union Apt. 651,South Danielmouth,40680
558,Bethany Santos,7374 Evelyn Lock Suite 297,Victorbury,48592
559,Caitlyn Stanley,47323 Douglas Plaza,Gregoryland,97568
560,Crystal Brown,5990 Jesse Manor,Sandersberg,53637
561,Jill Baker,03999 Nicholas Trafficway Suite 880,Markland,16713
562,Ricky Brown,00651 Susan Freeway Apt. 998,Lake Melvinberg,92124
563,Dustin Crane,082 Matthew Falls,Hughesbury,04887
564,Cole Martin,544 David Bypass Apt. 945,South Lisaport,00636
565,Charles Hawkins,039 James Mews,South Laurafort,43083
566,Brian Dominguez,066 Emily Locks Suite 473,Lake Amy,43585
567,Jennifer Kaufman,1430 Myers Mission,East Jasmine,51788
568,Seth Griffin,4352 Estrada Knolls Suite 431,Nelsonport,27704
569,Lorraine Maldonado,288 Tina Ridges Suite 122,Evanfurt,83814
570,Jacob Olson,072 Lewis Well,Lake Laurenstad,28656
571,Jerry Fisher,923 Lopez Ranch,Carrberg,16827
572,Tracy Murray,022 Neal Islands Apt. 835,Hannahstad,66510
573,Jonathan Keller,137 Heidi Village,South Jamiefort,73807
574,Dawn Ramirez,0353 Dawn Bridge Suite 823,North Jonathan,01993
575,David Hudson,36333 Lam Way,Ericfurt,73724
576,Natalie Sanders,4205 Gabriela Brook Suite 296,Darrenmouth,55604
577,Julie Mitchell,160 Mcmillan River Suite 498,Keystad,70577
578,Bryan Perez,6848 Fleming Throughway Suite 569,Billyburgh,06919
579,Joseph Brown,7931 Schneider Place Apt. 283,Veronicachester,34989
580,Erica Brown,556 David Summit Suite 727,Port Kimberly,63657
581,David Hayden,55245 Sean Dam,North Shirley,67831
582,Lisa Green,56317 Matthew Glens,East Tammy,31123
583,Amber Miller,563 Karen Junctions,Scottshire,46758
584,Laura Savage,554 David Street Suite 016,Sandramouth,29315
585,Mark Roberts,870 Teresa Pines Apt. 562,South Christopherville,87343
586,Ronald Guzman,61738 Donaldson Loaf Suite 178,Elizabethmouth,91029
587,James Brown,2735 Michael Station Suite 167,Dennisland,54529
588,James Hamilton,9866 Ethan Ville,Deannamouth,14949
589,Jacob Shelton,331 Cook Ford,West Jennifer,50712
590,Justin Wilkins,6483 Mullen Stravenue Suite 539,Victoriahaven,85436
591,Erik Wilson,23268 Cannon Plain Suite 090,West Laurastad,22603
592,Rebecca Perez MD,6587 Parker Wall,Cortezborough,31001
593,April Hamilton,668 Breanna Trace Apt. 289,Port Michaelview,88407
594,Kayla Conley,14572 Katherine Turnpike,Port Alan,40211
595,Tonya Evans,84023 Charles Shore Suite 810,New Michelletown,19009
596,William Martinez,767 Tate Curve Suite 685,Ballardberg,11811
597,Colleen Robbins,0487 Hardy Harbors Apt. 940,Lake William,15637
598,Mathew Carter,744 Derek Common,Markbury,72159
599,Jeffrey Bell,32079 Jenkins Roads,Aprilton,28793
600,Ashley King,9629 Fowler Village Suite 484,Jeffersonport,94740
601,Daniel Woods,96550 Mullen Grove,Gaybury,84070
602,Mary Smith,42971 Joy Drive,Richardchester,91508
603,Christine Ortiz,58289 Garcia Plains,Thomasside,75884
604,Anthony Smith,60890 Allen Lodge,Lake Jacobchester,74794
605,Sherry Williams,36359 Suzanne Branch,Melissaport,70053
606,Elizabeth Thomas,547 Fernandez Estate,Port Lauraton,33182
607,Marc Johnson,16319 Obrien Groves Apt. 955,Hendersonside,28189
608,Jorge Brown,950 Ashley Summit Suite 570,Derrickberg,94073
609,Robert Stewart,03764 Davis Mews Suite 342,South Carlashire,98030
610,Randall Gibson,38747 Medina Roads Apt. 470,Davidton,81482
611,Stephanie Bonilla,9272 Mariah Via,Williamview,38116
612,Kathryn Davis,44951 Candice Ferry Apt. 417,Ruthfurt,74297
613,Laura Krause,22334 Thompson Plains Suite 030,Lake Justin,25131
614,Jeffrey Gay,7200 Michelle Glens,Ramseyhaven,75041
615,Melissa Jensen,27832 Sarah Manor Suite 786,Lake Annland,34338
616,Carlos Carney,5760 Wendy Rue Suite 820,West Kimville,96434
617,Erik Mcdonald,6349 Mikayla Crossing Suite 474,Cynthialand,26992
618,Michael Berry,28289 Stacie Islands,Allenchester,92259
619,Brian Bradley,64650 Haley Course,Tammyland,84479
620,Michael Snyder,796 Amy Spurs,Micheleberg,83148
621,Carlos Edwards,4298 King Hill Apt. 443,West Laura,33467
622,Linda Carey,1271 Christine Springs,Port Kaitlin,03061
623,Michael Campbell,12307 Sutton Neck,West Charlesbury,35972
624,Mariah Cruz,87125 Kylie Rue Suite 306,New Melissaborough,26859
625,James Lucero,433 Ashley Mountains Apt. 381,Henryton,79058
626,Austin Jones,733 Katherine Parkway,Medinaborough,07893
627,Amanda Simmons,59258 Marshall Underpass Suite 745,Briannaton,09973
628,Anne Mcpherson,9151 Park Ford,West Dawn,48363
629,Jonathan Kerr,201 Huang Ville Suite 560,Browningmouth,45412
630,Erin Franco,517 Henry Lakes Apt. 811,South Priscilla,60000
631,Taylor Russell,6862 Oscar Plains,Maldonadomouth,84312
632,Sherry Bailey,15666 Reid Plains,North Brett,48545
633,Mr. Shawn Medina,500 Timothy Spring,Danielview,58327
634,Ricky Mejia,83095 Jacqueline Landing Suite 379,West Brandi,81337
635,Marcus Brown,2120 Kelley Mountain,Josephchester,51843
636,Marie Mann,53272 Mendoza Shoal Suite 927,Port Angela,09545
637,April Ramirez,1712 Smith Shore Apt. 215,Robinsonport,98944
638,Tyler Gutierrez,90710 Smith Park,Parkville,57058
639,Scott Benson,51006 Lucas Cove Suite 643,Port Michaelfurt,17830
640,Stacey Morris,19694 Wilson Lane Apt. 551,Liuborough,61843
641,Brian Walker,829 Jessica Flat Apt. 656,Paulmouth,66630
642,Karen Solomon,59471 Brandy Circle,West Christopher,97010
643,Crystal Hoffman,1544 Rodriguez Rue Apt. 362,West Timothy,46281
644,Katrina Kim,2148 Pacheco Alley Suite 485,South Kathy,39360
645,Jeffrey Pugh,061 Gutierrez Drives Apt. 695,West Randychester,73764
646,Tim Clarke,22626 Jorge Via Apt. 033,Davidville,36715
647,Rebecca Villanueva,16750 Weaver Viaduct,Cookland,21787
648,Andrea Joseph,775 Rhonda Key,Melissaside,14188
649,Kendra Smith,4450 Perez Fords Apt. 410,Danieltown,05205
650,Joy Crosby,346 Padilla Prairie Suite 185,Port Nicholas,89703
651,Jeffrey Howard,485 Samantha Courts,South Brendaborough,25597
652,Jennifer King,4273 Calderon Forest,Ericaport,07131
653,Charles Rodriguez,23758 Bowen Wall Apt. 386,Kellybury,51388
654,Laurie Brown,001 Stout Circles,West Christinachester,99044
655,Brad Gray,31164 Steven Village Apt. 407,South Davidchester,85877
656,Mary Coleman,2081 Harold Ports,Ryanbury,96770
657,Jennifer Day,77293 Martinez Groves,East Courtney,35256
658,Christopher Wolfe,2029 Ramirez Park Suite 721,Jenniferburgh,47637
659,Mr. Philip White,540 Jessica Cape Suite 601,Carrieville,05366
660,Kaitlyn Hayes,63430 Roy Neck,Williamshire,77906
661,Joann Jones,70796 Theresa Forge,Jonathanland,77458
662,Sherri Gay,82257 Sheila Burgs,New Katherineland,39784
663,Sherry Moore,78893 Rhonda Run Suite 758,Adamsberg,82816
664,Deborah Molina,5855 Samantha Ramp,North Michellebury,86949
665,Mariah Parrish,4597 Courtney Knoll Apt. 056,Beanport,68192
666,Ms. Michelle Chapman,555 Lewis Row,Aaronburgh,15953
667,Robert Mcdaniel,17773 Harper Causeway,North Brenda,51778
668,Lydia Dominguez,704 Neal Park Suite 279,Kyleburgh,49510
669,Lindsay Hurst,414 Autumn Isle Apt. 327,East Joy,10434
670,Cheryl Perez,3738 Sanders Spring Apt. 810,North Theresa,50091
671,Christine Dixon,269 Christopher Stravenue,Austinview,42093
672,Shawn Shaw,88880 Anna Brooks Apt. 393,Thompsontown,38258
673,Jay Ward,626 Ashley Glens,Stephanieberg,32449
674,Casey Braun,845 Lisa Tunnel,Port Sandy,13292
675,Andrew Gutierrez,23820 Damon Turnpike,Paulhaven,59161
676,Sandra Tyler,84498 Mccoy Stravenue,Sheilafort,67216
677,Jennifer Bender,12034 Miller Streets Apt. 289,New Philiphaven,86433
678,Michael Wang,34723 Orr Turnpike,Patriciamouth,74927
679,Brian Hall,1354 Howe Stream Suite 908,Port Erin,42174
680,Elijah Rivera,833 Carter Crescent,North Jeffreyville,38446
681,Sonya Graham,907 Ramos Spurs Apt. 687,West Davidstad,23705
682,Mr. Bryce Horne,38878 Steven Lodge Suite 797,North Nicolefort,33277
683,Sarah Tyler,9288 Fields Points,West Victor,38082
684,Daniel Burns,373 Stanley Parkways Apt. 468,Smithport,17888
685,Lindsey Jenkins,054 Webb Isle,Martinezfurt,16502
686,Jessica Nelson,959 Thomas Alley Apt. 550,Nguyenport,08659
687,Tammy Vazquez,519 Debra Course Apt. 541,East Cindyport,69423
688,Elizabeth Rodriguez,58189 William Shores,New Brandonmouth,36879
689,Michelle Richardson,432 Brady Valley,East Tyler,05456
690,Jared Phelps MD,33247 Jessica Mountains,West Carol,47401
691,Craig Jackson,891 Davila Well,Daltontown,41876
692,Amy Woods,9226 Stephanie Glens Suite 650,Gregorymouth,67064
693,Morgan Hansen,242 Aaron Throughway Suite 846,Lake Dennismouth,01766
694,Debra Kelly,9195 Lamb Creek Apt. 667,East Kevinfurt,99122
695,Michael Haney,7489 Susan Ranch,Mcdanielland,62052
696,Charlene Ramos,382 Crawford Ways,Deborahside,17057
697,Kelli Wallace,475 Mccarthy Lodge,South David,07544
698,Kyle Brown,3220 Vaughn Square,West Joseph,35627
699,Joy Brown,5744 Stacy Expressway,West Anna,31339
700,Jeffrey Brown,2655 Ferguson Mission,Christopherberg,20778
701,Angela Kane,9615 Gomez Isle,Diazfurt,15507
702,Deborah Cantu,20423 Barbara Squares,Dylanmouth,32541
703,Sarah Pollard,2382 Taylor Plain Suite 550,Munozfort,27315
704,Kevin Clark,6128 Heather Fall Suite 553,West Stacey,60514
705,Eric Hart,5887 Robinson Shoal,Lake Jamesstad,11921
706,Michael Scott,584 Maria Ways,Katrinafurt,26279
707,Andrea Robinson,5750 Cassandra Street Suite 783,Amandaburgh,34328
708,Reginald Williams,65034 Taylor Loaf,Jordanchester,27275
709,Charles Sullivan,2068 Robbins Fall,Andrewtown,66772
710,Sean Lewis,896 Gonzales Ford Apt. 628,Sherryburgh,40419
711,Jeffrey Carr,791 Scott Haven Suite 860,Lake Annetteview,34396
712,Gloria Burton,68106 Matthew Trafficway,Port Erinland,91968
713,Amanda Bradley,4009 Rachel Crossing Suite 818,New William,14840
714,Lori Sanchez,22583 Tammy Locks Apt. 822,Bellfort,90617
715,Robert Johnston,73500 John Trafficway Suite 524,Murphymouth,03970
716,Matthew Sanchez,425 Victoria Lodge Suite 765,Lopezside,04625
717,Katrina Johnson,866 Warren Motorway Suite 883,Rosefurt,50782
718,Lindsay Moore,65254 Perez Court,New Kimberly,45273
719,Kyle Moreno Jr.,931 Eric Inlet,Lake Johnton,77124
720,Joseph Bennett,4906 Macias Oval,West Tracy,71852
721,Ronald Sweeney,6127 Guzman Summit,West Danielstad,20170
722,Lauren Schaefer,2847 Trujillo Cape Apt. 889,Ashleyhaven,15575
723,Mathew Moore,508 Lang Locks,Lake Hannah,86346
724,Derek Brennan,40628 Medina Dam,New Scott,76922
725,Crystal Allen,9654 Gary Point,New David,29350
726,Daniel Coleman,8854 Laurie Stravenue,Henryview,03062
727,Victoria Smith,1652 Michael Meadows Suite 941,Port Richardfort,85165
728,Gabrielle Dixon,398 Angie Ferry,Jessicaburgh,64528
729,Jordan Mcdaniel,267 Patricia Spurs Apt. 974,East Yolandamouth,13689
730,Jose Zamora,1195 William Walk,Petersonport,36261
731,Krista Nelson,2371 Peterson Glen,Smithview,85438
732,Amanda Henderson,6111 Moore Dam,East Justinshire,06586
733,Isaiah Maddox,425 Amanda Causeway Apt. 576,South Lucas,00690
734,Elizabeth Cochran,635 Sean Lodge,Lake Christopher,24952
735,Brooke Ross,94394 Tammy Meadows,Johnstonland,89402
736,Vanessa Montes,61629 Ruiz Forks,North David,09930
737,Annette King,6747 David Drive,Nealfort,15798
738,Clarence Deleon,38468 Montoya Spur,New Nicholas,58116
739,Paige Martinez,4748 Melissa Pines Apt. 028,Heidifurt,78046
740,Kathleen Davidson,34278 Hicks Landing,Greenport,05635
741,Charles Juarez,738 Norman Islands Apt. 785,Steveview,55424
742,Allison Hunt,2570 Pierce Gardens,Robinview,88293
743,Monique Kent,66146 Navarro Oval,Michaelchester,09303
744,Joshua Smith,605 Vaughan Vista,Robertfurt,41551
745,David Johnson,35757 Rhonda Locks Apt. 657,Phillipsburgh,58909
746,Deborah Kennedy,1182 Gaines Crescent Apt. 782,Ramirezmouth,81768
747,Alexis Stevens,42596 Wood Views Apt. 978,Paulborough,83296
748,David Ferguson,301 Frederick Turnpike Suite 197,Margaretberg,77872
749,Crystal Hall,539 Adam Knolls,Port Robin,22750
750,Debra Austin,627 Walker Club Suite 431,Markton,47480
751,Kelli York,2474 Hanson Square,Hernandezmouth,80835
752,Thomas Atkins,9771 Serrano Radial,South Brendamouth,25644
753,Trevor Wells,8207 Chelsea Well,Katherineshire,38981
754,Michael Alvarez,860 Amy Wall,South Jeffreyfort,83423
755,Kristina Serrano MD,23138 Valerie Island,Lake William,61181
756,Mr. Benjamin Herman,3181 Campbell Tunnel Suite 194,Lake Scottside,35604
757,Kathy Harris,5260 Knight Green,New Allisonland,71177
758,Casey Wright,7488 Whitney Square,Angelahaven,95930
759,Linda White,4155 Jamie Highway Suite 849,South Veronicaside,59264
760,Charles Anderson,30634 Natalie Bypass Apt. 931,South Nicole,45056
761,Tony Owens,70206 Alan Falls,East John,24253
762,John Brooks,220 Kathryn Walk Suite 271,Lake Jenniferville,92354
763,Sharon Reyes,86514 Kirk Row,East Breanna,16081
764,Haley Garcia,4145 Willis Mountain Apt. 955,Tammyhaven,94751
765,Tracie Cannon,24650 Jessica Glens Suite 093,Blackland,36909
766,Jamie Nielsen,30783 Calvin Corner,Riosstad,82422
767,Stephen Flores,726 David Trace,Brittneyview,75201
768,Tammy Diaz,828 Elizabeth Overpass,Jamesbury,34043
769,Michelle Calderon,755 Turner View Suite 900,Brendaberg,19362
770,Alison Ochoa,59382 Beard Shore,Parkmouth,10389
771,David Ritter,52744 Vaughn Springs Suite 278,West Jamesview,44019
772,Steve Hernandez,04676 Gilbert Summit,Murrayborough,82302
773,Denise Daniel,62890 Elizabeth Glens Apt. 313,Murillobury,83738
774,Christopher Banks,605 Castro Oval Suite 341,Michaelport,33474
775,Patrick Bowman,797 Jimmy Point,Henryside,98617
776,Kayla Miller,29947 Brandon Streets,Maryport,02081
777,Kyle Patterson,2498 Kevin Shores Apt. 435,South Alyssa,72993
778,Rodney Nicholson,302 Morris Plains,Hansenshire,50122
779,Scott Young,0926 Townsend Squares Suite 391,Lake Robert,35145
780,Kelly Lopez,2092 Joanna Bypass Apt. 861,Lake Brenda,40507
781,Daniel Sheppard,84346 Lambert Landing Suite 531,Harrismouth,91472
782,Lauren Bonilla DDS,68163 Rachel Vista,North Toddmouth,50599
783,Sandra Baker,755 Lopez Corners,South Erin,76635
784,Teresa Williams,45187 Vang Ways Apt. 966,Port Katrina,35469
785,Scott Johnson,99631 Kristen Lake Apt. 201,Derrickbury,23470
786,Johnny Nguyen,16930 Alex Turnpike,Port Leslieville,57176
787,Deanna Roberts,413 Carol Rapids Suite 848,North Christopher,15283
788,Andre Yates,56217 Bryant Rest,Lauramouth,35130
789,Mary Davis,00032 Jones Extension,Tylerland,63305
790,William Gonzalez,91350 Graham Court Apt. 684,Hernandeztown,70940
791,Mark Owens,90955 Jackson Fort Suite 706,North Emma,36895
792,Julie Phillips,0817 Duncan Stream Apt. 645,Port Matthew,64482
793,Eric Lamb,402 Moreno Mews,Stevensonside,89756
794,Crystal Davis,7211 Laura Dam,New Madisonberg,94986
795,Alexis Marks,951 Bradley Court Suite 976,Lorimouth,49105
796,Maurice Davis,7841 Dwayne Prairie Suite 148,North Robin,15930
797,Krista Jackson,170 Shannon Fields,Foleyshire,97562
798,Debbie Carson,45359 Ramirez Keys Apt. 365,West Brittany,99026
799,Rodney Webb,52309 Spears Skyway,Port Vincentport,46000
800,Nicole Herrera,2526 Sara Circles Apt. 119,Apriltown,03041
801,Cody King,489 Chloe Canyon Apt. 720,Jennifertown,03350
802,Donald Gonzalez,99988 Samantha Heights Apt. 805,Janetville,18458
803,Brendan Villarreal,6957 Murillo Hill,Pamelafort,81941
804,Jennifer Stewart,6657 Davis Cliff Suite 204,West Jessicahaven,14948
805,Jamie White,95900 Ward Rapids,Janetville,06934
806,Dawn Burns,237 John Centers,Lake Josetown,13419
807,Natasha Suarez,900 Melissa Glen,Mariaberg,29344
808,Robert Fernandez,2127 Morrison Ridge,North Jennifermouth,89481
809,Justin Clark,06243 Kathy Forges Suite 637,Rhodeshaven,94977
810,Timothy Randolph,4388 Mike Row Apt. 104,Hammondfort,85234
811,Anthony Smith PhD,0823 Lucas Row Apt. 253,East Melinda,71739
812,Michael Thompson,2597 Scott Garden,Patrickview,94691
813,Lori Smith,0404 Elliott View Apt. 162,Rossbury,71105
814,Jasmine Bailey,375 Frost Ways Suite 202,Sarahview,90008
815,Jessica Wilcox,79805 Andrea Dale,East Nicoleville,50769
816,Courtney Allison,3743 Deborah Tunnel Suite 932,Petersonfurt,33648
817,Christopher Estes,517 John Heights Apt. 724,West Philipfort,44082
818,Jeffrey Mayer,24438 Derrick Meadows Suite 234,West Sarahmouth,32161
819,Melissa Long,393 Peters Coves,West Richardhaven,92882
820,Crystal Walters,511 Baldwin Plains Apt. 568,Amybury,99012
821,Jennifer Lozano,475 James Views Apt. 649,Ingrammouth,91629
822,Alan Arroyo,6663 Weaver Green,South Jacobland,72661
823,Jacqueline Murphy,8999 Angela Drives,Michaelberg,51408
824,Dr. Daniel Andrews II,90202 Aaron Valleys Apt. 144,East Lee,24222
825,Kathy Snow,7909 Kenneth Glens,East Kevin,16637
826,Peter Adams,12382 Odom Parkways,North Samanthatown,50829
827,James Torres,51579 Jennifer Dam,Leviton,98930
828,Joseph Peterson,275 Wright Road,Petersonburgh,27251
829,Brenda Holden,2528 Cox Falls,Cathyland,79574
830,Janice Clarke,181 Gonzales Estate Apt. 129,Martinton,84032
831,Joseph Parks,770 Bailey Drive Suite 308,Donnaberg,44075
832,Anthony Herrera,9834 Elizabeth Valley Suite 671,Lake Johnnybury,37033
833,Derek Huynh,75037 Katie Road,Victorport,27097
834,Steven Carter,04851 David Passage Apt. 125,Garyfort,94861
835,Nancy Singh,11269 Hansen Valley Suite 103,North Tinahaven,86294
836,John Shepard,3687 Hurley Vista,Port Margaretmouth,40756
837,Jeremy Lee,0635 Smith Forges,Sandersview,05053
838,Lauren Huerta,8298 Rose Shores,East Daniel,81916
839,Jessica Torres,22756 Lopez Lodge Apt. 984,South Russellberg,87888
840,Susan Singleton,545 Johnson Glens,East Madeline,31994
841,John Ross,860 Peter Crossing,Alexstad,86503
842,Alan Roberts,23353 Patricia Fords,East Michael,63841
843,Patricia Rogers,68716 Carol Village Suite 463,East Douglas,59078
844,Cory Garcia,716 Taylor Lodge,South Jesse,48186
845,Pamela Martinez,412 Mark Trail Apt. 471,New Elizabethside,71363
846,Brenda Velez,51392 Grace Corners Suite 225,Austinside,09727
847,Michael Perez,2702 Robert Courts Apt. 111,North Kathrynborough,38786
848,Kevin Jones,18451 Johnathan Route Apt. 726,East Lawrencemouth,17225
849,Kenneth Barker,884 Ricky Parkway,Santiagoville,75761
850,Madeline Buck,091 Lucas Parkway,Smithland,73362
851,Christopher Hopkins,285 Wallace Squares,South Karaland,53149
852,Russell Lewis Jr.,60635 Sarah Viaduct,Scottbury,06028
853,Christy Kemp,9691 Brown River,Sheilabury,63975
854,Sean Cunningham,450 Ronald Walks Suite 281,Josephborough,29238
855,Jason Howell,173 Mckinney Alley Apt. 268,Franklinmouth,48403
856,Katherine Rich,8098 Stephen Locks,Gonzalezshire,21053
857,Wendy Smith,84213 Leah Garden Suite 279,Nicholaston,62079
858,James Scott,36399 Katherine Trail Apt. 847,Lake Wendy,13927
859,Jacob Schroeder,282 Obrien Rest,Michaelville,97985
860,Mary Perry MD,49384 Lisa Green,New Kelseyhaven,27645
861,Carlos Cox,0491 Brandon Islands,Aliview,44017
862,Ryan Ramirez,965 Garcia Common,Georgeville,61640
863,Carla Jones,2210 Nichole Lake,South Davefurt,26525
864,John Underwood,652 Andrew Alley,West Keithton,82851
865,Nicole Miller,1992 David Way Apt. 947,West Georgeberg,81762
866,Jacob Williams,397 Gallagher Parks,Thompsonview,61948
867,Emma Nelson,375 Bell Oval,South Jason,69401
868,Jenna Bruce,12232 Rice Shoal,Jenniferview,27241
869,Dawn Kim,3992 Kaiser Loop,Derrickstad,32022
870,Mitchell Roberts,070 Mark Stravenue Apt. 175,Richardsonmouth,10339
871,Marcus Ibarra,521 Potter Ville,South Caleb,29123
872,Travis Evans,986 Matthew Islands Suite 757,West Sandraport,33344
873,Michael Ferguson,8305 Powell Vista,North Victoria,36458
874,Heather Haynes,7664 Baker Valley Apt. 736,Ruizberg,09590
875,Jennifer Perez,1423 Sylvia Crossing,North Marilyn,94654
876,Madeline Anderson,980 Morton Walks,Joshuatown,93506
877,Alan Young DDS,61828 Jessica Neck Suite 586,Port Jessica,95542
878,Emma Hughes,68385 Cowan Row Apt. 984,Russellland,50821
879,Christopher Bailey,317 Beltran Ports Suite 822,Foleybury,83053
880,James Phillips,776 Navarro Shore Suite 635,South Joseberg,05112
881,Amanda Stone,1472 Cook Manor Apt. 194,Nicholeside,49314
882,Emily Buckley,5378 Eric Skyway,North Alicia,50826
883,Jasmin Smith,36814 Kevin Fields,South Marcus,06002
884,Justin Torres,933 Gibson Summit,Jenniferburgh,94202
885,Dalton Dalton,18582 Nicole Ville Suite 399,Steveberg,37166
886,Amanda Allen,725 Dwayne Haven,Lake Samanthaberg,38846
887,Carol Goodman,6151 Anderson Ford,South Jeanville,37191
888,Mark Coleman,70475 Kayla Underpass,West Darrellstad,42781
889,Gordon Wilkinson,6278 Baldwin Mount,Laurieland,57901
890,Tyler Hawkins,2549 Taylor Cape Suite 658,South Charlesside,44651
891,Lynn Shaw,28285 Adam Keys,Castromouth,97757
892,Megan Richard,2902 James Crossing,Jillchester,64811
893,Derek Phillips,41279 Tara Motorway,North Jillhaven,72560
894,Charles Brooks,6939 Stacey Forest Apt. 948,New Lindseyfurt,68089
895,Ryan Wilson,078 Watts Path,Rhondaberg,71422
896,David Young,0279 Steven River,Michaelborough,76048
897,Reginald Espinoza,8651 Owens Shoals,Bergview,64169
898,Michele Fisher,923 West Crossing,Robertsville,70692
899,Christopher Taylor,847 Martinez Inlet,Thomasland,81866
900,Erin Gregory,313 Todd Islands,New Katherine,91711
901,Mariah Baker,210 Lewis Loop,New Melissaborough,93178
902,Michael Williams,753 Compton Skyway,South Penny,34669
903,Sara Zavala,70460 Christopher Creek,Riosbury,16851
904,Kelsey Austin,7266 Branch Lane,New Jeremyside,71448
905,Hailey Munoz,9925 Johnson Mount Suite 284,Eugeneport,22719
906,Christopher Wood,5486 Hensley Bridge,West Tiffany,89315
907,Chad Pierce,3441 Grant Port Apt. 512,Port Troyhaven,57604
908,Zachary Nguyen,81917 Perez Brook,Gregorystad,10084
909,Erica Flores,38685 Jamie Prairie,Hudsonhaven,36015
910,Deborah Rodriguez,411 Troy Summit Suite 471,Kimtown,77794
911,Carlos White,123 Mcclain Islands Apt. 332,Henrychester,63979
912,Laura Jones,38879 Yates Valleys,Lake Monica,69329
913,Tammy Smith,3125 May Prairie,South Debra,63237
914,Mitchell Williams,3325 Grant Square Suite 096,North Annashire,19185
915,Megan Davis,715 Thomas Lake,Danielchester,33644
916,James Davis,24560 Burns Springs Suite 647,Lisamouth,61192
917,Jeffery Padilla,3011 Joanne Manor Apt. 128,Cindyville,38615
918,Kelly Evans,08183 King Orchard,South William,73540
919,Joshua Martinez,6671 Lopez Fort Suite 090,South Andresmouth,60033
920,Kathryn Browning,4173 Madison Alley,Port Dale,76348
921,Teresa Sullivan,36169 Russell Extensions,Joshuastad,55536
922,Andrew Hardy,985 Walker Spurs Apt. 248,Port Stacy,55898
923,William Miller,09354 Mary Knolls Suite 342,Amandaside,25667
924,Edward Meyer,690 Matthew Vista,Tranfort,32822
925,Alan Blanchard,8068 Brown Hill Apt. 739,Barberburgh,37206
926,Carla Reid,5916 Morgan Forks Apt. 807,East Nicholechester,35953
927,Amber Wright,8134 Valdez Roads,New Rickyborough,14221
928,Teresa Reid,824 Spencer Island Suite 390,Castillomouth,05197
929,Kari Frederick,751 Baker Ridge Apt. 779,Espinozamouth,57249
930,Monica Watts,0088 Melissa Hill,Heathermouth,71946
931,Kaitlyn Cooper,97558 Little River,Vincentmouth,09854
932,Michelle Boyd,640 Jackson Spur Suite 247,Kaitlinbury,45367
933,Danielle Obrien,8243 Williams Well Suite 816,Davidhaven,60643
934,Melissa Byrd,58235 Tammie Loop Suite 641,Lake Cassieview,41496
935,Jeffery Diaz,40141 Combs Station Apt. 945,Chenville,96746
936,Christina Andrade,9600 Barnett Fords,Jacksonstad,45921
937,Tamara Mason,55571 Jones Lodge Suite 812,East Chad,07448
938,Caitlin Dunlap,17868 Khan Locks Apt. 155,Jeffreyhaven,10080
939,Kelly Clark,49641 Nelson Station,New Denise,39087
940,Larry Sutton,818 Brown Knolls,Stephenborough,89662
941,Jason Preston,292 Hernandez Turnpike Apt. 447,Kaylaton,77497
942,Lori Arnold,143 Boyd Inlet,Vernonport,09557
943,Jennifer Dean,716 Arias Mountain,North Derekshire,20320
944,Cynthia Johns,9690 Davis Junctions Apt. 228,North Judyborough,28534
945,Traci Lane,2638 Cain Manors Apt. 199,Port Beth,88820
946,Lisa Green,232 Andrew Ville,West Jeannefurt,81681
947,Alex Craig,28139 Adam Overpass,Gonzalezborough,12427
948,Amy Hudson,7582 Campbell Lights,South Kayla,41350
949,Jesse Meza,80892 Robin Estates,Valdezland,31142
950,Michael Jones,3059 Megan Union Suite 384,Leechester,33045
951,Rachel Meyers,58986 Hailey Forges Apt. 017,New Susanberg,41293
952,David Williams,2666 Estrada Freeway Apt. 666,Lake Maryland,28440
953,Lindsey Harrington,4973 John Underpass Apt. 813,Scotthaven,72528
954,Jamie Mitchell,7057 Hall Burg Apt. 651,Ronaldhaven,42602
955,Michelle Reed,7696 Williams Inlet Apt. 807,Rosschester,21114
956,Carlos Wolf,3696 Li Park Suite 427,Gonzalezview,05093
957,Mr. Vincent Tran Jr.,5887 Boone Mission Suite 654,Brandonport,61526
958,William Armstrong,474 Robinson Court,Port Jamesland,15407
959,Elizabeth Proctor,24830 Jason Centers,Dunnview,46562
960,Haley Smith,2576 Goodwin Burg,North Joseph,82823
961,Gary Young,952 Steven Corners Suite 112,New Courtney,55211
962,Brittany Thompson,8472 Nathan Shoal,Colleenville,01323
963,Wesley Wright,09240 Gilmore Lane Suite 330,Lisaton,63102
964,Laura Garcia,8685 Cunningham Cliffs Suite 001,North Joanna,95885
965,Christopher Schultz,087 Lisa Roads,Scottville,69152
966,Randy Coleman,3345 Holly Locks,Hernandezview,72216
967,Jesus Johnson,1369 Casey Locks,Sarahborough,99038
968,Andrew Haynes,14429 Garcia Glen Apt. 685,Travishaven,46484
969,Christine Bray,528 Carlson Ramp,Lake Scottfurt,33716
970,Amanda Espinoza,54089 Sarah Locks Suite 792,West Margaretside,07728
971,Cindy Mcmillan,93328 Jonathan Plaza Suite 583,South Richardbury,55387
972,Debra Berry,536 Strickland Extension Apt. 722,South Scottville,55850
973,Maria Taylor,6179 Daniel Plaza Suite 687,New Gabriella,62410
974,Bryan Morrison,1500 Watson Estates Apt. 369,North Kimberly,43437
975,Terry Johnson,453 Anthony Groves,Bushchester,91719
976,Jeffrey Landry,8629 Robert Lakes Apt. 371,West Douglas,85883
977,Elizabeth Clark,12338 Lisa Tunnel Apt. 750,South Josephhaven,82398
978,David Miles,0254 David Mission,North Saraport,66789
979,Amy Banks,7155 Jessica Corner,Nicholsside,63007
980,Brian Jordan,326 Archer Villages,South Lisa,48958
981,Mark Rivera,9523 Gentry Mill Suite 865,North Daniellehaven,88135
982,Cynthia Webster,17628 Chandler Forges Suite 498,Elizabethton,21355
983,Gary Fisher,72515 Hansen Vista,South Amanda,52088
984,Becky Gutierrez MD,1606 Victoria Loop Suite 578,South Nicholas,80616
985,Tara Ford,6603 Matthew Streets,Carolshire,02857
986,Richard Johnson,873 Krueger Courts Apt. 672,Joannchester,07894
987,Cody Thompson,0162 Roberts Points Apt. 067,North Williammouth,98329
988,Tiffany Jensen,365 Mckinney Shoals Suite 678,Melissaview,48156
989,Matthew Fuller,898 Conley Drive,East Arthur,63243
990,Daniel Osborn,163 Miguel Extension Suite 888,West Eric,49693
991,Sean Martin,82792 Norton Drive Apt. 154,North Jasonview,39957
992,James Good,6767 Jacobs Lodge Apt. 752,Thomasbury,01943
993,Mitchell Gibson,632 Williams Heights Suite 775,Kathrynmouth,46063
994,Alexandra Franklin,753 Gonzalez Crest,New Alexisstad,97355
995,Tamara Sanchez,388 Brandon Springs Apt. 191,Katherineborough,75944
996,Frank Cruz,15086 Marcus Extensions Apt. 463,Brownhaven,60524
997,Pamela Walker,79395 Karen Gardens,Port Alexander,10102
998,Kimberly Guerrero,188 Kaitlin Turnpike Apt. 953,Lake Jeffreystad,50277
999,Jeffrey Johnson,82541 Le Forge,Lake Jenny,84152
1000,Gail Walker,3841 Hodge Overpass,New Lindseyborough,27479
